"","x","y","z"
"1",-11.5,38,0
"2",-10.5,38,0
"3",-9.5,38,0
"4",-13.5,37,0
"5",-12.5,37,0
"6",-11.5,37,0
"7",-10.5,37,0
"8",-9.5,37,0
"9",-8.5,37,0
"10",-7.5,37,0
"11",-13.5,36,0
"12",-12.5,36,0
"13",-11.5,36,0
"14",-10.5,36,0
"15",-9.5,36,0
"16",-8.5,36,0
"17",-7.5,36,0
"18",-6.5,36,0
"19",-5.5,36,0
"20",-3.5,36,0
"21",-2.5,36,0
"22",-13.5,35,0
"23",-12.5,35,0
"24",-11.5,35,0
"25",-10.5,35,0
"26",-9.5,35,0
"27",-8.5,35,0
"28",-7.5,35,0
"29",-6.5,35,0
"30",-5.5,35,0
"31",-4.5,35,0
"32",-3.5,35,0
"33",-2.5,35,0
"34",-1.5,35,0
"35",-13.5,34,0
"36",-12.5,34,0
"37",-11.5,34,0
"38",-10.5,34,0
"39",-9.5,34,0
"40",-8.5,34,0
"41",-7.5,34,0
"42",-6.5,34,0
"43",-5.5,34,0
"44",-4.5,34,0
"45",-3.5,34,0
"46",-2.5,34,0
"47",-1.5,34,0
"48",-0.5,34,0
"49",-14.5,33,0
"50",-13.5,33,0
"51",-12.5,33,0
"52",-11.5,33,0
"53",-10.5,33,0
"54",-9.5,33,0
"55",-8.5,33,0
"56",-7.5,33,0
"57",-6.5,33,0
"58",-5.5,33,0
"59",-4.5,33,0
"60",-3.5,33,0
"61",-2.5,33,0
"62",-1.5,33,0
"63",-0.5,33,0
"64",0.5,33,0
"65",-15.5,32,0
"66",-14.5,32,0
"67",-13.5,32,0
"68",-12.5,32,0
"69",-11.5,32,0
"70",-10.5,32,0
"71",-9.5,32,0
"72",-8.5,32,0
"73",-7.5,32,0
"74",-6.5,32,0
"75",-5.5,32,0
"76",-4.5,32,0
"77",-3.5,32,0
"78",-2.5,32,0
"79",-1.5,32,0
"80",-0.5,32,0
"81",0.5,32,0
"82",1.5,32,0
"83",2.5,32,0
"84",-15.5,31,0
"85",-14.5,31,0
"86",-13.5,31,0
"87",-12.5,31,0
"88",-11.5,31,0
"89",-10.5,31,0
"90",-9.5,31,0
"91",-8.5,31,0
"92",-7.5,31,0
"93",-6.5,31,0
"94",-5.5,31,0
"95",-4.5,31,0
"96",-3.5,31,0
"97",-2.5,31,0
"98",-1.5,31,0
"99",-0.5,31,0
"100",0.5,31,0
"101",1.5,31,0
"102",2.5,31,0
"103",3.5,31,0
"104",4.5,31,0
"105",-14.5,30,0
"106",-13.5,30,0
"107",-12.5,30,0
"108",-11.5,30,0
"109",-10.5,30,0
"110",-9.5,30,0
"111",-8.5,30,0
"112",-7.5,30,0
"113",-6.5,30,0
"114",-5.5,30,0
"115",-4.5,30,0
"116",-3.5,30,0
"117",-2.5,30,0
"118",-1.5,30,0
"119",-0.5,30,0
"120",0.5,30,0
"121",1.5,30,0
"122",2.5,30,0
"123",3.5,30,0
"124",4.5,30,0
"125",5.5,30,0
"126",-15.5,29,0
"127",-14.5,29,0
"128",-13.5,29,0
"129",-12.5,29,0
"130",-11.5,29,0
"131",-10.5,29,0
"132",-9.5,29,0
"133",-8.5,29,0
"134",-7.5,29,0
"135",-6.5,29,0
"136",-5.5,29,0
"137",-4.5,29,0
"138",-3.5,29,0
"139",-2.5,29,0
"140",-1.5,29,0
"141",-0.5,29,0
"142",0.5,29,0
"143",1.5,29,0
"144",2.5,29,0
"145",3.5,29,0
"146",4.5,29,0
"147",5.5,29,0
"148",6.5,29,0
"149",-15.5,28,0
"150",-14.5,28,0
"151",-13.5,28,0
"152",-12.5,28,0
"153",-11.5,28,0
"154",-10.5,28,0
"155",-9.5,28,0
"156",-8.5,28,0
"157",-7.5,28,0
"158",-6.5,28,0
"159",-5.5,28,0
"160",-4.5,28,0
"161",-3.5,28,0
"162",-2.5,28,0
"163",-1.5,28,0
"164",-0.5,28,0
"165",0.5,28,0
"166",1.5,28,0
"167",2.5,28,0
"168",3.5,28,0
"169",4.5,28,0
"170",5.5,28,0
"171",6.5,28,0
"172",-14.5,27,0
"173",-13.5,27,0
"174",-12.5,27,0
"175",-11.5,27,0
"176",-10.5,27,0
"177",-9.5,27,0
"178",-8.5,27,0
"179",-7.5,27,0
"180",-6.5,27,0
"181",-5.5,27,0
"182",-4.5,27,0
"183",-3.5,27,0
"184",-2.5,27,0
"185",-1.5,27,0
"186",-0.5,27,0
"187",0.5,27,0
"188",1.5,27,0
"189",2.5,27,0
"190",3.5,27,0
"191",4.5,27,0
"192",5.5,27,0
"193",6.5,27,0
"194",-14.5,26,0
"195",-13.5,26,0
"196",-12.5,26,0
"197",-11.5,26,0
"198",-10.5,26,0
"199",-9.5,26,0
"200",-8.5,26,0
"201",-7.5,26,0
"202",-6.5,26,0
"203",-5.5,26,0
"204",-4.5,26,0
"205",-3.5,26,0
"206",-2.5,26,0
"207",-1.5,26,0
"208",-0.5,26,0
"209",0.5,26,0
"210",1.5,26,0
"211",2.5,26,0
"212",3.5,26,0
"213",4.5,26,0
"214",5.5,26,0
"215",6.5,26,0
"216",7.5,26,0
"217",8.5,26,0
"218",-15.5,25,0
"219",-14.5,25,0
"220",-13.5,25,0
"221",-12.5,25,0
"222",-11.5,25,0
"223",-10.5,25,0
"224",-9.5,25,0
"225",-8.5,25,0
"226",-7.5,25,0
"227",-6.5,25,0
"228",-5.5,25,0
"229",-4.5,25,0
"230",-3.5,25,0
"231",-2.5,25,0
"232",-1.5,25,0
"233",-0.5,25,0
"234",0.5,25,0
"235",1.5,25,0
"236",2.5,25,0
"237",3.5,25,0
"238",4.5,25,0
"239",5.5,25,0
"240",6.5,25,0
"241",7.5,25,0
"242",8.5,25,0
"243",-15.5,24,0
"244",-14.5,24,0
"245",-13.5,24,0
"246",-12.5,24,0
"247",-11.5,24,0
"248",-10.5,24,0
"249",-9.5,24,0
"250",-8.5,24,0
"251",-7.5,24,0
"252",-6.5,24,0
"253",-5.5,24,0
"254",-4.5,24,0
"255",-3.5,24,0
"256",-2.5,24,0
"257",-1.5,24,0
"258",-0.5,24,0
"259",0.5,24,0
"260",1.5,24,0
"261",2.5,24,0
"262",3.5,24,0
"263",4.5,24,0
"264",5.5,24,0
"265",6.5,24,0
"266",7.5,24,0
"267",8.5,24,0
"268",9.5,24,0
"269",-14.5,23,0
"270",-13.5,23,0
"271",-12.5,23,0
"272",-11.5,23,0
"273",-10.5,23,0
"274",-9.5,23,0
"275",-8.5,23,0
"276",-7.5,23,0
"277",-6.5,23,0
"278",-5.5,23,0
"279",-4.5,23,0
"280",-3.5,23,0
"281",-2.5,23,0
"282",-1.5,23,0
"283",-0.5,23,0
"284",0.5,23,0
"285",1.5,23,0
"286",2.5,23,0
"287",3.5,23,0
"288",4.5,23,0
"289",5.5,23,0
"290",6.5,23,0
"291",7.5,23,0
"292",8.5,23,0
"293",9.5,23,0
"294",-15.5,22,0
"295",-14.5,22,0
"296",-13.5,22,0
"297",-12.5,22,0
"298",-11.5,22,0
"299",-10.5,22,0
"300",-9.5,22,0
"301",-8.5,22,0
"302",-7.5,22,0
"303",-6.5,22,0
"304",-5.5,22,0
"305",-4.5,22,0
"306",-3.5,22,0
"307",-2.5,22,0
"308",-1.5,22,0
"309",-0.5,22,0
"310",0.5,22,0
"311",1.5,22,0
"312",2.5,22,0
"313",3.5,22,0
"314",4.5,22,0
"315",5.5,22,0
"316",6.5,22,0
"317",7.5,22,0
"318",8.5,22,0
"319",9.5,22,0
"320",-15.5,21,0
"321",-14.5,21,0
"322",-13.5,21,0
"323",-12.5,21,0
"324",-11.5,21,0
"325",-10.5,21,0
"326",-9.5,21,0
"327",-8.5,21,0
"328",-7.5,21,0
"329",-6.5,21,0
"330",-5.5,21,0
"331",-4.5,21,0
"332",-3.5,21,0
"333",-2.5,21,0
"334",-1.5,21,0
"335",-0.5,21,0
"336",0.5,21,0
"337",1.5,21,0
"338",2.5,21,0
"339",3.5,21,0
"340",4.5,21,0
"341",5.5,21,0
"342",6.5,21,0
"343",7.5,21,0
"344",8.5,21,0
"345",9.5,21,0
"346",-15.5,20,0
"347",-14.5,20,0
"348",-13.5,20,0
"349",-12.5,20,0
"350",-11.5,20,0
"351",-10.5,20,0
"352",-9.5,20,0
"353",-8.5,20,0
"354",-7.5,20,0
"355",-6.5,20,0
"356",-5.5,20,0
"357",-4.5,20,0
"358",-3.5,20,0
"359",-2.5,20,0
"360",-1.5,20,0
"361",-0.5,20,0
"362",0.5,20,0
"363",1.5,20,0
"364",2.5,20,0
"365",3.5,20,0
"366",4.5,20,0
"367",5.5,20,0
"368",6.5,20,0
"369",7.5,20,0
"370",8.5,20,0
"371",9.5,20,0
"372",10.5,20,0
"373",-14.5,19,0
"374",-13.5,19,0
"375",-12.5,19,0
"376",-11.5,19,0
"377",-10.5,19,0
"378",-9.5,19,0
"379",-8.5,19,0
"380",-7.5,19,0
"381",-6.5,19,0
"382",-5.5,19,0
"383",-4.5,19,0
"384",-3.5,19,0
"385",-2.5,19,0
"386",-1.5,19,0
"387",-0.5,19,0
"388",0.5,19,0
"389",1.5,19,0
"390",2.5,19,0
"391",3.5,19,0
"392",4.5,19,0
"393",5.5,19,0
"394",6.5,19,0
"395",7.5,19,0
"396",8.5,19,0
"397",9.5,19,0
"398",10.5,19,0
"399",11.5,19,0
"400",12.5,19,0
"401",13.5,19,0
"402",-14.5,18,0
"403",-13.5,18,0
"404",-12.5,18,0
"405",-11.5,18,0
"406",-10.5,18,0
"407",-9.5,18,0
"408",-8.5,18,0
"409",-7.5,18,0
"410",-6.5,18,0
"411",-5.5,18,0
"412",-4.5,18,0
"413",-3.5,18,0
"414",-2.5,18,0
"415",-1.5,18,0
"416",-0.5,18,0
"417",0.5,18,0
"418",1.5,18,0
"419",2.5,18,0
"420",3.5,18,0
"421",4.5,18,0
"422",5.5,18,0
"423",6.5,18,0
"424",7.5,18,0
"425",8.5,18,0
"426",9.5,18,0
"427",10.5,18,0
"428",11.5,18,0
"429",12.5,18,0
"430",13.5,18,0
"431",14.5,18,0
"432",-13.5,17,0
"433",-12.5,17,0
"434",-11.5,17,0
"435",-10.5,17,0
"436",-9.5,17,0
"437",-8.5,17,0
"438",-7.5,17,0
"439",-6.5,17,0
"440",-5.5,17,0
"441",-4.5,17,0
"442",-3.5,17,0
"443",-2.5,17,0
"444",-1.5,17,0
"445",-0.5,17,0
"446",0.5,17,0
"447",1.5,17,0
"448",2.5,17,0
"449",3.5,17,0
"450",4.5,17,0
"451",5.5,17,0
"452",6.5,17,0
"453",7.5,17,0
"454",8.5,17,0
"455",9.5,17,0
"456",10.5,17,0
"457",11.5,17,0
"458",12.5,17,0
"459",13.5,17,0
"460",14.5,17,0
"461",-13.5,16,0
"462",-12.5,16,0
"463",-11.5,16,0
"464",-10.5,16,0
"465",-9.5,16,0
"466",-8.5,16,0
"467",-7.5,16,0
"468",-6.5,16,0
"469",-5.5,16,0
"470",-4.5,16,0
"471",-3.5,16,0
"472",-2.5,16,0
"473",-1.5,16,0
"474",-0.5,16,0
"475",0.5,16,0
"476",1.5,16,0
"477",2.5,16,0
"478",3.5,16,0
"479",4.5,16,0
"480",5.5,16,0
"481",6.5,16,0
"482",7.5,16,0
"483",8.5,16,0
"484",9.5,16,0
"485",10.5,16,0
"486",11.5,16,0
"487",12.5,16,0
"488",13.5,16,0
"489",14.5,16,0
"490",-14.5,15,0
"491",-13.5,15,0
"492",-12.5,15,0
"493",-11.5,15,0
"494",-10.5,15,0
"495",-9.5,15,0
"496",-8.5,15,0
"497",-7.5,15,0
"498",-6.5,15,0
"499",-5.5,15,0
"500",-4.5,15,0
"501",-3.5,15,0
"502",-2.5,15,0
"503",-1.5,15,0
"504",-0.5,15,0
"505",0.5,15,0
"506",1.5,15,0
"507",2.5,15,0
"508",3.5,15,0
"509",4.5,15,0
"510",5.5,15,0
"511",6.5,15,0
"512",7.5,15,0
"513",8.5,15,0
"514",9.5,15,0
"515",10.5,15,0
"516",11.5,15,0
"517",12.5,15,0
"518",13.5,15,0
"519",14.5,15,0
"520",-13.5,14,0
"521",-12.5,14,0
"522",-11.5,14,0
"523",-10.5,14,0
"524",-9.5,14,0
"525",-8.5,14,0
"526",-7.5,14,0
"527",-6.5,14,0
"528",-5.5,14,0
"529",-4.5,14,0
"530",-3.5,14,0
"531",-2.5,14,0
"532",-1.5,14,0
"533",-0.5,14,0
"534",0.5,14,0
"535",1.5,14,0
"536",2.5,14,0
"537",3.5,14,0
"538",4.5,14,0
"539",5.5,14,0
"540",6.5,14,0
"541",7.5,14,0
"542",8.5,14,0
"543",9.5,14,0
"544",10.5,14,0
"545",11.5,14,0
"546",12.5,14,0
"547",13.5,14,0
"548",14.5,14,0
"549",15.5,14,0
"550",16.5,14,0
"551",-13.5,13,0
"552",-12.5,13,0
"553",-11.5,13,0
"554",-10.5,13,0
"555",-9.5,13,0
"556",-8.5,13,0
"557",-7.5,13,0
"558",-6.5,13,0
"559",-5.5,13,0
"560",-4.5,13,0
"561",-3.5,13,0
"562",-2.5,13,0
"563",-1.5,13,0
"564",-0.5,13,0
"565",0.5,13,0
"566",1.5,13,0
"567",2.5,13,0
"568",3.5,13,0
"569",4.5,13,0
"570",5.5,13,0
"571",6.5,13,0
"572",7.5,13,0
"573",8.5,13,0
"574",9.5,13,0
"575",10.5,13,0
"576",11.5,13,0
"577",12.5,13,0
"578",13.5,13,0
"579",14.5,13,0
"580",15.5,13,0
"581",16.5,13,0
"582",17.5,13,0
"583",-13.5,12,0
"584",-12.5,12,0
"585",-11.5,12,0
"586",-10.5,12,0
"587",-9.5,12,0
"588",-8.5,12,0
"589",-7.5,12,0
"590",-6.5,12,0
"591",-5.5,12,0
"592",-4.5,12,0
"593",-3.5,12,0
"594",-2.5,12,0
"595",-1.5,12,0
"596",-0.5,12,0
"597",0.5,12,0
"598",1.5,12,0
"599",2.5,12,0
"600",3.5,12,0
"601",4.5,12,0
"602",5.5,12,0
"603",6.5,12,0
"604",7.5,12,0
"605",8.5,12,0
"606",9.5,12,0
"607",10.5,12,0
"608",11.5,12,0
"609",12.5,12,0
"610",13.5,12,0
"611",14.5,12,0
"612",15.5,12,0
"613",16.5,12,0
"614",17.5,12,0
"615",-13.5,11,0
"616",-12.5,11,0
"617",-11.5,11,0
"618",-10.5,11,0
"619",-9.5,11,0
"620",-8.5,11,0
"621",-7.5,11,0
"622",-6.5,11,0
"623",-5.5,11,0
"624",-4.5,11,0
"625",-3.5,11,0
"626",-2.5,11,0
"627",-1.5,11,0
"628",-0.5,11,0
"629",0.5,11,0
"630",1.5,11,0
"631",2.5,11,0
"632",3.5,11,0
"633",4.5,11,0
"634",5.5,11,0
"635",6.5,11,0
"636",7.5,11,0
"637",8.5,11,0
"638",9.5,11,0
"639",10.5,11,0
"640",11.5,11,0
"641",12.5,11,0
"642",13.5,11,0
"643",14.5,11,0
"644",15.5,11,0
"645",16.5,11,0
"646",17.5,11,0
"647",-13.5,10,0
"648",-12.5,10,0
"649",-11.5,10,0
"650",-10.5,10,0
"651",-9.5,10,0
"652",-8.5,10,0
"653",-7.5,10,0
"654",-6.5,10,0
"655",-5.5,10,0
"656",-4.5,10,0
"657",-3.5,10,0
"658",-2.5,10,0
"659",-1.5,10,0
"660",-0.5,10,0
"661",0.5,10,0
"662",1.5,10,0
"663",2.5,10,0
"664",3.5,10,0
"665",4.5,10,0
"666",5.5,10,0
"667",6.5,10,0
"668",7.5,10,0
"669",8.5,10,0
"670",9.5,10,0
"671",10.5,10,0
"672",11.5,10,0
"673",12.5,10,0
"674",13.5,10,0
"675",14.5,10,0
"676",15.5,10,0
"677",16.5,10,0
"678",17.5,10,0
"679",-14.5,9,0
"680",-13.5,9,0
"681",-12.5,9,0
"682",-11.5,9,0
"683",-10.5,9,0
"684",-9.5,9,0
"685",-8.5,9,0
"686",-7.5,9,0
"687",-6.5,9,0
"688",-5.5,9,0
"689",-4.5,9,0
"690",-3.5,9,0
"691",-2.5,9,0
"692",-1.5,9,0
"693",-0.5,9,0
"694",0.5,9,0
"695",1.5,9,0
"696",2.5,9,0
"697",3.5,9,0
"698",4.5,9,0
"699",5.5,9,0
"700",6.5,9,0
"701",7.5,9,0
"702",8.5,9,0
"703",9.5,9,0
"704",10.5,9,0
"705",11.5,9,0
"706",12.5,9,0
"707",13.5,9,0
"708",14.5,9,0
"709",15.5,9,0
"710",16.5,9,0
"711",17.5,9,0
"712",-14.5,8,0
"713",-13.5,8,0
"714",-12.5,8,0
"715",-11.5,8,0
"716",-10.5,8,0
"717",-9.5,8,0
"718",-8.5,8,0
"719",-7.5,8,0
"720",-6.5,8,0
"721",-5.5,8,0
"722",-4.5,8,0
"723",-3.5,8,0
"724",-2.5,8,0
"725",-1.5,8,0
"726",-0.5,8,0
"727",0.5,8,0
"728",1.5,8,0
"729",2.5,8,0
"730",3.5,8,0
"731",4.5,8,0
"732",5.5,8,0
"733",6.5,8,0
"734",7.5,8,0
"735",8.5,8,0
"736",9.5,8,0
"737",10.5,8,0
"738",11.5,8,0
"739",12.5,8,0
"740",13.5,8,0
"741",14.5,8,0
"742",15.5,8,0
"743",16.5,8,0
"744",17.5,8,0
"745",-14.5,7,0
"746",-13.5,7,0
"747",-12.5,7,0
"748",-11.5,7,0
"749",-10.5,7,0
"750",-9.5,7,0
"751",-8.5,7,0
"752",-7.5,7,0
"753",-6.5,7,0
"754",-5.5,7,0
"755",-4.5,7,0
"756",-3.5,7,0
"757",-2.5,7,0
"758",-1.5,7,0
"759",-0.5,7,0
"760",0.5,7,0
"761",1.5,7,0
"762",2.5,7,0
"763",3.5,7,0
"764",4.5,7,0
"765",5.5,7,0
"766",6.5,7,0
"767",7.5,7,0
"768",8.5,7,0
"769",9.5,7,0
"770",10.5,7,0
"771",11.5,7,0
"772",12.5,7,0
"773",13.5,7,0
"774",14.5,7,0
"775",15.5,7,0
"776",16.5,7,0
"777",17.5,7,0
"778",-14.5,6,0
"779",-13.5,6,0
"780",-12.5,6,0
"781",-11.5,6,0
"782",-10.5,6,0
"783",-9.5,6,0
"784",-8.5,6,0
"785",-7.5,6,0
"786",-6.5,6,0
"787",-5.5,6,0
"788",-4.5,6,0
"789",-3.5,6,0
"790",-2.5,6,0
"791",-1.5,6,0
"792",-0.5,6,0
"793",0.5,6,0
"794",1.5,6,0
"795",2.5,6,0
"796",3.5,6,0
"797",4.5,6,0
"798",5.5,6,0
"799",6.5,6,0
"800",7.5,6,0
"801",8.5,6,0
"802",9.5,6,0
"803",10.5,6,0
"804",11.5,6,0
"805",12.5,6,0
"806",13.5,6,0
"807",14.5,6,0
"808",15.5,6,0
"809",16.5,6,0
"810",-13.5,5,0
"811",-12.5,5,0
"812",-11.5,5,0
"813",-10.5,5,0
"814",-9.5,5,0
"815",-8.5,5,0
"816",-7.5,5,0
"817",-6.5,5,0
"818",-5.5,5,0
"819",-4.5,5,0
"820",-3.5,5,0
"821",-2.5,5,0
"822",-1.5,5,0
"823",-0.5,5,0
"824",0.5,5,0
"825",1.5,5,0
"826",2.5,5,0
"827",3.5,5,0
"828",4.5,5,0
"829",5.5,5,0
"830",6.5,5,0
"831",7.5,5,0
"832",8.5,5,0
"833",9.5,5,0
"834",10.5,5,0
"835",11.5,5,0
"836",12.5,5,0
"837",13.5,5,0
"838",14.5,5,0
"839",15.5,5,0
"840",16.5,5,0
"841",17.5,5,0
"842",-14.5,4,0
"843",-13.5,4,0
"844",-12.5,4,0
"845",-11.5,4,0
"846",-10.5,4,0
"847",-9.5,4,0
"848",-8.5,4,0
"849",-7.5,4,0
"850",-6.5,4,0
"851",-5.5,4,0
"852",-4.5,4,0
"853",-3.5,4,0
"854",-2.5,4,0
"855",-1.5,4,0
"856",-0.5,4,0
"857",0.5,4,0
"858",1.5,4,0
"859",2.5,4,0
"860",3.5,4,0
"861",4.5,4,0
"862",5.5,4,0
"863",6.5,4,0
"864",7.5,4,0
"865",8.5,4,0
"866",9.5,4,0
"867",10.5,4,0
"868",11.5,4,0
"869",12.5,4,0
"870",13.5,4,0
"871",14.5,4,0
"872",15.5,4,0
"873",16.5,4,0
"874",17.5,4,0
"875",18.5,4,0
"876",-14.5,3,0
"877",-13.5,3,0
"878",-12.5,3,0
"879",-11.5,3,0
"880",-10.5,3,0
"881",-9.5,3,0
"882",-8.5,3,0
"883",-7.5,3,0
"884",-6.5,3,0
"885",-5.5,3,0
"886",-4.5,3,0
"887",-3.5,3,0
"888",-2.5,3,0
"889",-1.5,3,0
"890",-0.5,3,0
"891",0.5,3,0
"892",1.5,3,0
"893",2.5,3,0
"894",3.5,3,0
"895",4.5,3,0
"896",5.5,3,0
"897",6.5,3,0
"898",7.5,3,0
"899",8.5,3,0
"900",9.5,3,0
"901",10.5,3,0
"902",11.5,3,0
"903",12.5,3,0
"904",13.5,3,0
"905",14.5,3,0
"906",15.5,3,0
"907",16.5,3,0
"908",17.5,3,0
"909",18.5,3,0
"910",-13.5,2,0
"911",-12.5,2,0
"912",-11.5,2,0
"913",-10.5,2,0
"914",-9.5,2,0
"915",-8.5,2,0
"916",-7.5,2,0
"917",-6.5,2,0
"918",-5.5,2,0
"919",-4.5,2,0
"920",-3.5,2,0
"921",-2.5,2,0
"922",-1.5,2,0
"923",-0.5,2,0
"924",0.5,2,0
"925",1.5,2,0
"926",2.5,2,0
"927",6.5,2,0
"928",7.5,2,0
"929",8.5,2,0
"930",9.5,2,0
"931",10.5,2,0
"932",11.5,2,0
"933",12.5,2,0
"934",13.5,2,0
"935",14.5,2,0
"936",15.5,2,0
"937",16.5,2,0
"938",17.5,2,0
"939",-12.5,1,0
"940",-11.5,1,0
"941",-8.5,1,0
"942",-7.5,1,0
"943",-6.5,1,0
"944",-5.5,1,0
"945",-4.5,1,0
"946",-3.5,1,0
"947",-2.5,1,0
"948",-1.5,1,0
"949",-0.5,1,0
"950",0.5,1,0
"951",7.5,1,0
"952",8.5,1,0
"953",9.5,1,0
"954",10.5,1,0
"955",11.5,1,0
"956",13.5,1,0
"957",14.5,1,0
"958",15.5,1,0
"959",16.5,1,0
"960",-7.5,0,0
"961",-6.5,0,0
"962",-5.5,0,0
"963",-2.5,0,0
"964",-1.5,0,0
"965",-12.5,43,5
"966",-11.5,43,5
"967",-13.5,42,5
"968",-12.5,42,5
"969",-11.5,42,5
"970",-10.5,42,5
"971",-14.5,41,5
"972",-13.5,41,5
"973",-12.5,41,5
"974",-11.5,41,5
"975",-10.5,41,5
"976",-9.5,41,5
"977",-14.5,40,5
"978",-13.5,40,5
"979",-12.5,40,5
"980",-11.5,40,5
"981",-10.5,40,5
"982",-9.5,40,5
"983",-8.5,40,5
"984",-15.5,39,5
"985",-14.5,39,5
"986",-13.5,39,5
"987",-12.5,39,5
"988",-11.5,39,5
"989",-10.5,39,5
"990",-9.5,39,5
"991",-8.5,39,5
"992",-7.5,39,5
"993",-6.5,39,5
"994",-15.5,38,5
"995",-14.5,38,5
"996",-13.5,38,5
"997",-12.5,38,5
"998",-11.5,38,5
"999",-10.5,38,5
"1000",-9.5,38,5
"1001",-8.5,38,5
"1002",-7.5,38,5
"1003",-6.5,38,5
"1004",-5.5,38,5
"1005",-4.5,38,5
"1006",-3.5,38,5
"1007",-16.5,37,5
"1008",-15.5,37,5
"1009",-14.5,37,5
"1010",-13.5,37,5
"1011",-12.5,37,5
"1012",-11.5,37,5
"1013",-10.5,37,5
"1014",-9.5,37,5
"1015",-8.5,37,5
"1016",-7.5,37,5
"1017",-6.5,37,5
"1018",-5.5,37,5
"1019",-4.5,37,5
"1020",-3.5,37,5
"1021",-2.5,37,5
"1022",-16.5,36,5
"1023",-15.5,36,5
"1024",-14.5,36,5
"1025",-13.5,36,5
"1026",-12.5,36,5
"1027",-11.5,36,5
"1028",-10.5,36,5
"1029",-9.5,36,5
"1030",-8.5,36,5
"1031",-7.5,36,5
"1032",-6.5,36,5
"1033",-5.5,36,5
"1034",-4.5,36,5
"1035",-3.5,36,5
"1036",-2.5,36,5
"1037",-1.5,36,5
"1038",-0.5,36,5
"1039",-16.5,35,5
"1040",-15.5,35,5
"1041",-14.5,35,5
"1042",-13.5,35,5
"1043",-12.5,35,5
"1044",-11.5,35,5
"1045",-10.5,35,5
"1046",-9.5,35,5
"1047",-8.5,35,5
"1048",-7.5,35,5
"1049",-6.5,35,5
"1050",-5.5,35,5
"1051",-4.5,35,5
"1052",-3.5,35,5
"1053",-2.5,35,5
"1054",-1.5,35,5
"1055",-0.5,35,5
"1056",0.5,35,5
"1057",1.5,35,5
"1058",-17.5,34,5
"1059",-16.5,34,5
"1060",-15.5,34,5
"1061",-14.5,34,5
"1062",-13.5,34,5
"1063",-12.5,34,5
"1064",-11.5,34,5
"1065",-10.5,34,5
"1066",-9.5,34,5
"1067",-8.5,34,5
"1068",-7.5,34,5
"1069",-6.5,34,5
"1070",-5.5,34,5
"1071",-4.5,34,5
"1072",-3.5,34,5
"1073",-2.5,34,5
"1074",-1.5,34,5
"1075",-0.5,34,5
"1076",0.5,34,5
"1077",1.5,34,5
"1078",2.5,34,5
"1079",-17.5,33,5
"1080",-16.5,33,5
"1081",-15.5,33,5
"1082",-14.5,33,5
"1083",-13.5,33,5
"1084",-12.5,33,5
"1085",-11.5,33,5
"1086",-10.5,33,5
"1087",-9.5,33,5
"1088",-8.5,33,5
"1089",-7.5,33,5
"1090",-6.5,33,5
"1091",-5.5,33,5
"1092",-4.5,33,5
"1093",-3.5,33,5
"1094",-2.5,33,5
"1095",-1.5,33,5
"1096",-0.5,33,5
"1097",0.5,33,5
"1098",1.5,33,5
"1099",2.5,33,5
"1100",3.5,33,5
"1101",4.5,33,5
"1102",-17.5,32,5
"1103",-16.5,32,5
"1104",-15.5,32,5
"1105",-14.5,32,5
"1106",-13.5,32,5
"1107",-12.5,32,5
"1108",-11.5,32,5
"1109",-10.5,32,5
"1110",-9.5,32,5
"1111",-8.5,32,5
"1112",-7.5,32,5
"1113",-6.5,32,5
"1114",-5.5,32,5
"1115",-4.5,32,5
"1116",-3.5,32,5
"1117",-2.5,32,5
"1118",-1.5,32,5
"1119",-0.5,32,5
"1120",0.5,32,5
"1121",1.5,32,5
"1122",2.5,32,5
"1123",3.5,32,5
"1124",4.5,32,5
"1125",5.5,32,5
"1126",-17.5,31,5
"1127",-16.5,31,5
"1128",-15.5,31,5
"1129",-14.5,31,5
"1130",-13.5,31,5
"1131",-12.5,31,5
"1132",-11.5,31,5
"1133",-10.5,31,5
"1134",-9.5,31,5
"1135",-8.5,31,5
"1136",-7.5,31,5
"1137",-6.5,31,5
"1138",-5.5,31,5
"1139",-4.5,31,5
"1140",-3.5,31,5
"1141",-2.5,31,5
"1142",-1.5,31,5
"1143",-0.5,31,5
"1144",0.5,31,5
"1145",1.5,31,5
"1146",2.5,31,5
"1147",3.5,31,5
"1148",4.5,31,5
"1149",5.5,31,5
"1150",-17.5,30,5
"1151",-16.5,30,5
"1152",-15.5,30,5
"1153",-14.5,30,5
"1154",-13.5,30,5
"1155",-12.5,30,5
"1156",-11.5,30,5
"1157",-10.5,30,5
"1158",-9.5,30,5
"1159",-8.5,30,5
"1160",-7.5,30,5
"1161",-6.5,30,5
"1162",-5.5,30,5
"1163",-4.5,30,5
"1164",-3.5,30,5
"1165",-2.5,30,5
"1166",-1.5,30,5
"1167",-0.5,30,5
"1168",0.5,30,5
"1169",1.5,30,5
"1170",2.5,30,5
"1171",3.5,30,5
"1172",4.5,30,5
"1173",5.5,30,5
"1174",6.5,30,5
"1175",-17.5,29,5
"1176",-16.5,29,5
"1177",-15.5,29,5
"1178",-14.5,29,5
"1179",-13.5,29,5
"1180",-12.5,29,5
"1181",-11.5,29,5
"1182",-10.5,29,5
"1183",-9.5,29,5
"1184",-8.5,29,5
"1185",-7.5,29,5
"1186",-6.5,29,5
"1187",-5.5,29,5
"1188",-4.5,29,5
"1189",-3.5,29,5
"1190",-2.5,29,5
"1191",-1.5,29,5
"1192",-0.5,29,5
"1193",0.5,29,5
"1194",1.5,29,5
"1195",2.5,29,5
"1196",3.5,29,5
"1197",4.5,29,5
"1198",5.5,29,5
"1199",6.5,29,5
"1200",7.5,29,5
"1201",-17.5,28,5
"1202",-16.5,28,5
"1203",-15.5,28,5
"1204",-14.5,28,5
"1205",-13.5,28,5
"1206",-12.5,28,5
"1207",-11.5,28,5
"1208",-10.5,28,5
"1209",-9.5,28,5
"1210",-8.5,28,5
"1211",-7.5,28,5
"1212",-6.5,28,5
"1213",-5.5,28,5
"1214",-4.5,28,5
"1215",-3.5,28,5
"1216",-2.5,28,5
"1217",-1.5,28,5
"1218",-0.5,28,5
"1219",0.5,28,5
"1220",1.5,28,5
"1221",2.5,28,5
"1222",3.5,28,5
"1223",4.5,28,5
"1224",5.5,28,5
"1225",6.5,28,5
"1226",7.5,28,5
"1227",8.5,28,5
"1228",-17.5,27,5
"1229",-16.5,27,5
"1230",-15.5,27,5
"1231",-14.5,27,5
"1232",-13.5,27,5
"1233",-12.5,27,5
"1234",-11.5,27,5
"1235",-10.5,27,5
"1236",-9.5,27,5
"1237",-8.5,27,5
"1238",-7.5,27,5
"1239",-6.5,27,5
"1240",-5.5,27,5
"1241",-4.5,27,5
"1242",-3.5,27,5
"1243",-2.5,27,5
"1244",-1.5,27,5
"1245",-0.5,27,5
"1246",0.5,27,5
"1247",1.5,27,5
"1248",2.5,27,5
"1249",3.5,27,5
"1250",4.5,27,5
"1251",5.5,27,5
"1252",6.5,27,5
"1253",7.5,27,5
"1254",8.5,27,5
"1255",9.5,27,5
"1256",-17.5,26,5
"1257",-16.5,26,5
"1258",-15.5,26,5
"1259",-14.5,26,5
"1260",-13.5,26,5
"1261",-12.5,26,5
"1262",-11.5,26,5
"1263",-10.5,26,5
"1264",-9.5,26,5
"1265",-8.5,26,5
"1266",-7.5,26,5
"1267",-6.5,26,5
"1268",-5.5,26,5
"1269",-4.5,26,5
"1270",-3.5,26,5
"1271",-2.5,26,5
"1272",-1.5,26,5
"1273",-0.5,26,5
"1274",0.5,26,5
"1275",1.5,26,5
"1276",2.5,26,5
"1277",3.5,26,5
"1278",4.5,26,5
"1279",5.5,26,5
"1280",6.5,26,5
"1281",7.5,26,5
"1282",8.5,26,5
"1283",9.5,26,5
"1284",-17.5,25,5
"1285",-16.5,25,5
"1286",-15.5,25,5
"1287",-14.5,25,5
"1288",-13.5,25,5
"1289",-12.5,25,5
"1290",-11.5,25,5
"1291",-10.5,25,5
"1292",-9.5,25,5
"1293",-8.5,25,5
"1294",-7.5,25,5
"1295",-6.5,25,5
"1296",-5.5,25,5
"1297",-4.5,25,5
"1298",-3.5,25,5
"1299",-2.5,25,5
"1300",-1.5,25,5
"1301",-0.5,25,5
"1302",0.5,25,5
"1303",1.5,25,5
"1304",2.5,25,5
"1305",3.5,25,5
"1306",4.5,25,5
"1307",5.5,25,5
"1308",6.5,25,5
"1309",7.5,25,5
"1310",8.5,25,5
"1311",9.5,25,5
"1312",10.5,25,5
"1313",-17.5,24,5
"1314",-16.5,24,5
"1315",-15.5,24,5
"1316",-14.5,24,5
"1317",-13.5,24,5
"1318",-12.5,24,5
"1319",-11.5,24,5
"1320",-10.5,24,5
"1321",-9.5,24,5
"1322",-8.5,24,5
"1323",-7.5,24,5
"1324",-6.5,24,5
"1325",-5.5,24,5
"1326",-4.5,24,5
"1327",-3.5,24,5
"1328",-2.5,24,5
"1329",-1.5,24,5
"1330",-0.5,24,5
"1331",0.5,24,5
"1332",1.5,24,5
"1333",2.5,24,5
"1334",3.5,24,5
"1335",4.5,24,5
"1336",5.5,24,5
"1337",6.5,24,5
"1338",7.5,24,5
"1339",8.5,24,5
"1340",9.5,24,5
"1341",10.5,24,5
"1342",-17.5,23,5
"1343",-16.5,23,5
"1344",-15.5,23,5
"1345",-14.5,23,5
"1346",-13.5,23,5
"1347",-12.5,23,5
"1348",-11.5,23,5
"1349",-10.5,23,5
"1350",-9.5,23,5
"1351",-8.5,23,5
"1352",-7.5,23,5
"1353",-6.5,23,5
"1354",-5.5,23,5
"1355",-4.5,23,5
"1356",-3.5,23,5
"1357",-2.5,23,5
"1358",-1.5,23,5
"1359",-0.5,23,5
"1360",0.5,23,5
"1361",1.5,23,5
"1362",2.5,23,5
"1363",3.5,23,5
"1364",4.5,23,5
"1365",5.5,23,5
"1366",6.5,23,5
"1367",7.5,23,5
"1368",8.5,23,5
"1369",9.5,23,5
"1370",10.5,23,5
"1371",11.5,23,5
"1372",-17.5,22,5
"1373",-16.5,22,5
"1374",-15.5,22,5
"1375",-14.5,22,5
"1376",-13.5,22,5
"1377",-12.5,22,5
"1378",-11.5,22,5
"1379",-10.5,22,5
"1380",-9.5,22,5
"1381",-8.5,22,5
"1382",-7.5,22,5
"1383",-6.5,22,5
"1384",-5.5,22,5
"1385",-4.5,22,5
"1386",-3.5,22,5
"1387",-2.5,22,5
"1388",-1.5,22,5
"1389",-0.5,22,5
"1390",0.5,22,5
"1391",1.5,22,5
"1392",2.5,22,5
"1393",3.5,22,5
"1394",4.5,22,5
"1395",5.5,22,5
"1396",6.5,22,5
"1397",7.5,22,5
"1398",8.5,22,5
"1399",9.5,22,5
"1400",10.5,22,5
"1401",11.5,22,5
"1402",-17.5,21,5
"1403",-16.5,21,5
"1404",-15.5,21,5
"1405",-14.5,21,5
"1406",-13.5,21,5
"1407",-12.5,21,5
"1408",-11.5,21,5
"1409",-10.5,21,5
"1410",-9.5,21,5
"1411",-8.5,21,5
"1412",-7.5,21,5
"1413",-6.5,21,5
"1414",-5.5,21,5
"1415",-4.5,21,5
"1416",-3.5,21,5
"1417",-2.5,21,5
"1418",-1.5,21,5
"1419",-0.5,21,5
"1420",0.5,21,5
"1421",1.5,21,5
"1422",2.5,21,5
"1423",3.5,21,5
"1424",4.5,21,5
"1425",5.5,21,5
"1426",6.5,21,5
"1427",7.5,21,5
"1428",8.5,21,5
"1429",9.5,21,5
"1430",10.5,21,5
"1431",11.5,21,5
"1432",12.5,21,5
"1433",-17.5,20,5
"1434",-16.5,20,5
"1435",-15.5,20,5
"1436",-14.5,20,5
"1437",-13.5,20,5
"1438",-12.5,20,5
"1439",-11.5,20,5
"1440",-10.5,20,5
"1441",-9.5,20,5
"1442",-8.5,20,5
"1443",-7.5,20,5
"1444",-6.5,20,5
"1445",-5.5,20,5
"1446",-4.5,20,5
"1447",-3.5,20,5
"1448",-2.5,20,5
"1449",-1.5,20,5
"1450",-0.5,20,5
"1451",0.5,20,5
"1452",1.5,20,5
"1453",2.5,20,5
"1454",3.5,20,5
"1455",4.5,20,5
"1456",5.5,20,5
"1457",6.5,20,5
"1458",7.5,20,5
"1459",8.5,20,5
"1460",9.5,20,5
"1461",10.5,20,5
"1462",11.5,20,5
"1463",12.5,20,5
"1464",13.5,20,5
"1465",-17.5,19,5
"1466",-16.5,19,5
"1467",-15.5,19,5
"1468",-14.5,19,5
"1469",-13.5,19,5
"1470",-12.5,19,5
"1471",-11.5,19,5
"1472",-10.5,19,5
"1473",-9.5,19,5
"1474",-8.5,19,5
"1475",-7.5,19,5
"1476",-6.5,19,5
"1477",-5.5,19,5
"1478",-4.5,19,5
"1479",-3.5,19,5
"1480",-2.5,19,5
"1481",-1.5,19,5
"1482",-0.5,19,5
"1483",0.5,19,5
"1484",1.5,19,5
"1485",2.5,19,5
"1486",3.5,19,5
"1487",4.5,19,5
"1488",5.5,19,5
"1489",6.5,19,5
"1490",7.5,19,5
"1491",8.5,19,5
"1492",9.5,19,5
"1493",10.5,19,5
"1494",11.5,19,5
"1495",12.5,19,5
"1496",13.5,19,5
"1497",-17.5,18,5
"1498",-16.5,18,5
"1499",-15.5,18,5
"1500",-14.5,18,5
"1501",-13.5,18,5
"1502",-12.5,18,5
"1503",-11.5,18,5
"1504",-10.5,18,5
"1505",-9.5,18,5
"1506",-8.5,18,5
"1507",-7.5,18,5
"1508",-6.5,18,5
"1509",-5.5,18,5
"1510",-4.5,18,5
"1511",-3.5,18,5
"1512",-2.5,18,5
"1513",-1.5,18,5
"1514",-0.5,18,5
"1515",0.5,18,5
"1516",1.5,18,5
"1517",2.5,18,5
"1518",3.5,18,5
"1519",4.5,18,5
"1520",5.5,18,5
"1521",6.5,18,5
"1522",7.5,18,5
"1523",8.5,18,5
"1524",9.5,18,5
"1525",10.5,18,5
"1526",11.5,18,5
"1527",12.5,18,5
"1528",13.5,18,5
"1529",14.5,18,5
"1530",-17.5,17,5
"1531",-16.5,17,5
"1532",-15.5,17,5
"1533",-14.5,17,5
"1534",-13.5,17,5
"1535",-12.5,17,5
"1536",-11.5,17,5
"1537",-10.5,17,5
"1538",-9.5,17,5
"1539",-8.5,17,5
"1540",-7.5,17,5
"1541",-6.5,17,5
"1542",-5.5,17,5
"1543",-4.5,17,5
"1544",-3.5,17,5
"1545",-2.5,17,5
"1546",-1.5,17,5
"1547",-0.5,17,5
"1548",0.5,17,5
"1549",1.5,17,5
"1550",2.5,17,5
"1551",3.5,17,5
"1552",4.5,17,5
"1553",5.5,17,5
"1554",6.5,17,5
"1555",7.5,17,5
"1556",8.5,17,5
"1557",9.5,17,5
"1558",10.5,17,5
"1559",11.5,17,5
"1560",12.5,17,5
"1561",13.5,17,5
"1562",14.5,17,5
"1563",15.5,17,5
"1564",-17.5,16,5
"1565",-16.5,16,5
"1566",-15.5,16,5
"1567",-14.5,16,5
"1568",-13.5,16,5
"1569",-12.5,16,5
"1570",-11.5,16,5
"1571",-10.5,16,5
"1572",-9.5,16,5
"1573",-8.5,16,5
"1574",-7.5,16,5
"1575",-6.5,16,5
"1576",-5.5,16,5
"1577",-4.5,16,5
"1578",-3.5,16,5
"1579",-2.5,16,5
"1580",-1.5,16,5
"1581",-0.5,16,5
"1582",0.5,16,5
"1583",1.5,16,5
"1584",2.5,16,5
"1585",3.5,16,5
"1586",4.5,16,5
"1587",5.5,16,5
"1588",6.5,16,5
"1589",7.5,16,5
"1590",8.5,16,5
"1591",9.5,16,5
"1592",10.5,16,5
"1593",11.5,16,5
"1594",12.5,16,5
"1595",13.5,16,5
"1596",14.5,16,5
"1597",15.5,16,5
"1598",-17.5,15,5
"1599",-16.5,15,5
"1600",-15.5,15,5
"1601",-14.5,15,5
"1602",-13.5,15,5
"1603",-12.5,15,5
"1604",-11.5,15,5
"1605",-10.5,15,5
"1606",-9.5,15,5
"1607",-8.5,15,5
"1608",-7.5,15,5
"1609",-6.5,15,5
"1610",-5.5,15,5
"1611",-4.5,15,5
"1612",-3.5,15,5
"1613",-2.5,15,5
"1614",-1.5,15,5
"1615",-0.5,15,5
"1616",0.5,15,5
"1617",1.5,15,5
"1618",2.5,15,5
"1619",3.5,15,5
"1620",4.5,15,5
"1621",5.5,15,5
"1622",6.5,15,5
"1623",7.5,15,5
"1624",8.5,15,5
"1625",9.5,15,5
"1626",10.5,15,5
"1627",11.5,15,5
"1628",12.5,15,5
"1629",13.5,15,5
"1630",14.5,15,5
"1631",15.5,15,5
"1632",16.5,15,5
"1633",-17.5,14,5
"1634",-16.5,14,5
"1635",-15.5,14,5
"1636",-14.5,14,5
"1637",-13.5,14,5
"1638",-12.5,14,5
"1639",-11.5,14,5
"1640",-10.5,14,5
"1641",-9.5,14,5
"1642",-8.5,14,5
"1643",-7.5,14,5
"1644",-6.5,14,5
"1645",-5.5,14,5
"1646",-4.5,14,5
"1647",-3.5,14,5
"1648",-2.5,14,5
"1649",-1.5,14,5
"1650",-0.5,14,5
"1651",0.5,14,5
"1652",1.5,14,5
"1653",2.5,14,5
"1654",3.5,14,5
"1655",4.5,14,5
"1656",5.5,14,5
"1657",6.5,14,5
"1658",7.5,14,5
"1659",8.5,14,5
"1660",9.5,14,5
"1661",10.5,14,5
"1662",11.5,14,5
"1663",12.5,14,5
"1664",13.5,14,5
"1665",14.5,14,5
"1666",15.5,14,5
"1667",16.5,14,5
"1668",17.5,14,5
"1669",-16.5,13,5
"1670",-15.5,13,5
"1671",-14.5,13,5
"1672",-13.5,13,5
"1673",-12.5,13,5
"1674",-11.5,13,5
"1675",-10.5,13,5
"1676",-9.5,13,5
"1677",-8.5,13,5
"1678",-7.5,13,5
"1679",-6.5,13,5
"1680",-5.5,13,5
"1681",-4.5,13,5
"1682",-3.5,13,5
"1683",-2.5,13,5
"1684",-1.5,13,5
"1685",-0.5,13,5
"1686",0.5,13,5
"1687",1.5,13,5
"1688",2.5,13,5
"1689",3.5,13,5
"1690",4.5,13,5
"1691",5.5,13,5
"1692",6.5,13,5
"1693",7.5,13,5
"1694",8.5,13,5
"1695",9.5,13,5
"1696",10.5,13,5
"1697",11.5,13,5
"1698",12.5,13,5
"1699",13.5,13,5
"1700",14.5,13,5
"1701",15.5,13,5
"1702",16.5,13,5
"1703",17.5,13,5
"1704",-16.5,12,5
"1705",-15.5,12,5
"1706",-14.5,12,5
"1707",-13.5,12,5
"1708",-12.5,12,5
"1709",-11.5,12,5
"1710",-10.5,12,5
"1711",-9.5,12,5
"1712",-8.5,12,5
"1713",-7.5,12,5
"1714",-6.5,12,5
"1715",-5.5,12,5
"1716",-4.5,12,5
"1717",-3.5,12,5
"1718",-2.5,12,5
"1719",-1.5,12,5
"1720",-0.5,12,5
"1721",0.5,12,5
"1722",1.5,12,5
"1723",2.5,12,5
"1724",3.5,12,5
"1725",4.5,12,5
"1726",5.5,12,5
"1727",6.5,12,5
"1728",7.5,12,5
"1729",8.5,12,5
"1730",9.5,12,5
"1731",10.5,12,5
"1732",11.5,12,5
"1733",12.5,12,5
"1734",13.5,12,5
"1735",14.5,12,5
"1736",15.5,12,5
"1737",16.5,12,5
"1738",17.5,12,5
"1739",18.5,12,5
"1740",-16.5,11,5
"1741",-15.5,11,5
"1742",-14.5,11,5
"1743",-13.5,11,5
"1744",-12.5,11,5
"1745",-11.5,11,5
"1746",-10.5,11,5
"1747",-9.5,11,5
"1748",-8.5,11,5
"1749",-7.5,11,5
"1750",-6.5,11,5
"1751",-5.5,11,5
"1752",-4.5,11,5
"1753",-3.5,11,5
"1754",-2.5,11,5
"1755",-1.5,11,5
"1756",-0.5,11,5
"1757",0.5,11,5
"1758",1.5,11,5
"1759",2.5,11,5
"1760",3.5,11,5
"1761",4.5,11,5
"1762",5.5,11,5
"1763",6.5,11,5
"1764",7.5,11,5
"1765",8.5,11,5
"1766",9.5,11,5
"1767",10.5,11,5
"1768",11.5,11,5
"1769",12.5,11,5
"1770",13.5,11,5
"1771",14.5,11,5
"1772",15.5,11,5
"1773",16.5,11,5
"1774",17.5,11,5
"1775",18.5,11,5
"1776",-16.5,10,5
"1777",-15.5,10,5
"1778",-14.5,10,5
"1779",-13.5,10,5
"1780",-12.5,10,5
"1781",-11.5,10,5
"1782",-10.5,10,5
"1783",-9.5,10,5
"1784",-8.5,10,5
"1785",-7.5,10,5
"1786",-6.5,10,5
"1787",-5.5,10,5
"1788",-4.5,10,5
"1789",-3.5,10,5
"1790",-2.5,10,5
"1791",-1.5,10,5
"1792",-0.5,10,5
"1793",0.5,10,5
"1794",1.5,10,5
"1795",2.5,10,5
"1796",3.5,10,5
"1797",4.5,10,5
"1798",5.5,10,5
"1799",6.5,10,5
"1800",7.5,10,5
"1801",8.5,10,5
"1802",9.5,10,5
"1803",10.5,10,5
"1804",11.5,10,5
"1805",12.5,10,5
"1806",13.5,10,5
"1807",14.5,10,5
"1808",15.5,10,5
"1809",16.5,10,5
"1810",17.5,10,5
"1811",18.5,10,5
"1812",-16.5,9,5
"1813",-15.5,9,5
"1814",-14.5,9,5
"1815",-13.5,9,5
"1816",-12.5,9,5
"1817",-11.5,9,5
"1818",-10.5,9,5
"1819",-9.5,9,5
"1820",-8.5,9,5
"1821",-7.5,9,5
"1822",-6.5,9,5
"1823",-5.5,9,5
"1824",-4.5,9,5
"1825",-3.5,9,5
"1826",-2.5,9,5
"1827",-1.5,9,5
"1828",-0.5,9,5
"1829",0.5,9,5
"1830",1.5,9,5
"1831",2.5,9,5
"1832",3.5,9,5
"1833",4.5,9,5
"1834",5.5,9,5
"1835",6.5,9,5
"1836",7.5,9,5
"1837",8.5,9,5
"1838",9.5,9,5
"1839",10.5,9,5
"1840",11.5,9,5
"1841",12.5,9,5
"1842",13.5,9,5
"1843",14.5,9,5
"1844",15.5,9,5
"1845",16.5,9,5
"1846",17.5,9,5
"1847",18.5,9,5
"1848",19.5,9,5
"1849",-16.5,8,5
"1850",-15.5,8,5
"1851",-14.5,8,5
"1852",-13.5,8,5
"1853",-12.5,8,5
"1854",-11.5,8,5
"1855",-10.5,8,5
"1856",-9.5,8,5
"1857",-8.5,8,5
"1858",-7.5,8,5
"1859",-6.5,8,5
"1860",-5.5,8,5
"1861",-4.5,8,5
"1862",-3.5,8,5
"1863",-2.5,8,5
"1864",-1.5,8,5
"1865",-0.5,8,5
"1866",0.5,8,5
"1867",1.5,8,5
"1868",2.5,8,5
"1869",3.5,8,5
"1870",4.5,8,5
"1871",5.5,8,5
"1872",6.5,8,5
"1873",7.5,8,5
"1874",8.5,8,5
"1875",9.5,8,5
"1876",10.5,8,5
"1877",11.5,8,5
"1878",12.5,8,5
"1879",13.5,8,5
"1880",14.5,8,5
"1881",15.5,8,5
"1882",16.5,8,5
"1883",17.5,8,5
"1884",18.5,8,5
"1885",19.5,8,5
"1886",20.5,8,5
"1887",-16.5,7,5
"1888",-15.5,7,5
"1889",-14.5,7,5
"1890",-13.5,7,5
"1891",-12.5,7,5
"1892",-11.5,7,5
"1893",-10.5,7,5
"1894",-9.5,7,5
"1895",-8.5,7,5
"1896",-7.5,7,5
"1897",-6.5,7,5
"1898",-5.5,7,5
"1899",-4.5,7,5
"1900",-3.5,7,5
"1901",-2.5,7,5
"1902",-1.5,7,5
"1903",-0.5,7,5
"1904",0.5,7,5
"1905",1.5,7,5
"1906",2.5,7,5
"1907",3.5,7,5
"1908",4.5,7,5
"1909",5.5,7,5
"1910",6.5,7,5
"1911",7.5,7,5
"1912",8.5,7,5
"1913",9.5,7,5
"1914",10.5,7,5
"1915",11.5,7,5
"1916",12.5,7,5
"1917",13.5,7,5
"1918",14.5,7,5
"1919",15.5,7,5
"1920",16.5,7,5
"1921",17.5,7,5
"1922",18.5,7,5
"1923",19.5,7,5
"1924",20.5,7,5
"1925",-15.5,6,5
"1926",-14.5,6,5
"1927",-13.5,6,5
"1928",-12.5,6,5
"1929",-11.5,6,5
"1930",-10.5,6,5
"1931",-9.5,6,5
"1932",-8.5,6,5
"1933",-7.5,6,5
"1934",-6.5,6,5
"1935",-5.5,6,5
"1936",-4.5,6,5
"1937",-3.5,6,5
"1938",-2.5,6,5
"1939",-1.5,6,5
"1940",-0.5,6,5
"1941",0.5,6,5
"1942",1.5,6,5
"1943",2.5,6,5
"1944",3.5,6,5
"1945",4.5,6,5
"1946",5.5,6,5
"1947",6.5,6,5
"1948",7.5,6,5
"1949",8.5,6,5
"1950",9.5,6,5
"1951",10.5,6,5
"1952",11.5,6,5
"1953",12.5,6,5
"1954",13.5,6,5
"1955",14.5,6,5
"1956",15.5,6,5
"1957",16.5,6,5
"1958",17.5,6,5
"1959",18.5,6,5
"1960",19.5,6,5
"1961",20.5,6,5
"1962",21.5,6,5
"1963",-15.5,5,5
"1964",-14.5,5,5
"1965",-13.5,5,5
"1966",-12.5,5,5
"1967",-11.5,5,5
"1968",-10.5,5,5
"1969",-9.5,5,5
"1970",-8.5,5,5
"1971",-7.5,5,5
"1972",-6.5,5,5
"1973",-5.5,5,5
"1974",-4.5,5,5
"1975",-3.5,5,5
"1976",-2.5,5,5
"1977",-1.5,5,5
"1978",-0.5,5,5
"1979",0.5,5,5
"1980",1.5,5,5
"1981",2.5,5,5
"1982",3.5,5,5
"1983",4.5,5,5
"1984",5.5,5,5
"1985",6.5,5,5
"1986",7.5,5,5
"1987",8.5,5,5
"1988",9.5,5,5
"1989",10.5,5,5
"1990",11.5,5,5
"1991",12.5,5,5
"1992",13.5,5,5
"1993",14.5,5,5
"1994",15.5,5,5
"1995",16.5,5,5
"1996",17.5,5,5
"1997",18.5,5,5
"1998",19.5,5,5
"1999",20.5,5,5
"2000",21.5,5,5
"2001",-15.5,4,5
"2002",-14.5,4,5
"2003",-13.5,4,5
"2004",-12.5,4,5
"2005",-11.5,4,5
"2006",-10.5,4,5
"2007",-9.5,4,5
"2008",-8.5,4,5
"2009",-7.5,4,5
"2010",-6.5,4,5
"2011",-5.5,4,5
"2012",-4.5,4,5
"2013",-3.5,4,5
"2014",-2.5,4,5
"2015",-1.5,4,5
"2016",-0.5,4,5
"2017",0.5,4,5
"2018",1.5,4,5
"2019",2.5,4,5
"2020",3.5,4,5
"2021",4.5,4,5
"2022",5.5,4,5
"2023",6.5,4,5
"2024",7.5,4,5
"2025",8.5,4,5
"2026",9.5,4,5
"2027",10.5,4,5
"2028",11.5,4,5
"2029",12.5,4,5
"2030",13.5,4,5
"2031",14.5,4,5
"2032",15.5,4,5
"2033",16.5,4,5
"2034",17.5,4,5
"2035",18.5,4,5
"2036",19.5,4,5
"2037",20.5,4,5
"2038",21.5,4,5
"2039",-16.5,3,5
"2040",-15.5,3,5
"2041",-14.5,3,5
"2042",-13.5,3,5
"2043",-12.5,3,5
"2044",-11.5,3,5
"2045",-10.5,3,5
"2046",-9.5,3,5
"2047",-8.5,3,5
"2048",-7.5,3,5
"2049",-6.5,3,5
"2050",-5.5,3,5
"2051",-4.5,3,5
"2052",-3.5,3,5
"2053",-2.5,3,5
"2054",-1.5,3,5
"2055",-0.5,3,5
"2056",0.5,3,5
"2057",1.5,3,5
"2058",2.5,3,5
"2059",3.5,3,5
"2060",4.5,3,5
"2061",5.5,3,5
"2062",6.5,3,5
"2063",7.5,3,5
"2064",8.5,3,5
"2065",9.5,3,5
"2066",10.5,3,5
"2067",11.5,3,5
"2068",12.5,3,5
"2069",13.5,3,5
"2070",14.5,3,5
"2071",15.5,3,5
"2072",16.5,3,5
"2073",17.5,3,5
"2074",18.5,3,5
"2075",19.5,3,5
"2076",20.5,3,5
"2077",21.5,3,5
"2078",22.5,3,5
"2079",-16.5,2,5
"2080",-15.5,2,5
"2081",-14.5,2,5
"2082",-13.5,2,5
"2083",-12.5,2,5
"2084",-11.5,2,5
"2085",-10.5,2,5
"2086",-9.5,2,5
"2087",-8.5,2,5
"2088",-7.5,2,5
"2089",-6.5,2,5
"2090",-5.5,2,5
"2091",-4.5,2,5
"2092",-3.5,2,5
"2093",-2.5,2,5
"2094",-1.5,2,5
"2095",-0.5,2,5
"2096",0.5,2,5
"2097",1.5,2,5
"2098",2.5,2,5
"2099",3.5,2,5
"2100",4.5,2,5
"2101",5.5,2,5
"2102",6.5,2,5
"2103",7.5,2,5
"2104",8.5,2,5
"2105",9.5,2,5
"2106",10.5,2,5
"2107",11.5,2,5
"2108",12.5,2,5
"2109",13.5,2,5
"2110",14.5,2,5
"2111",15.5,2,5
"2112",16.5,2,5
"2113",17.5,2,5
"2114",18.5,2,5
"2115",19.5,2,5
"2116",20.5,2,5
"2117",21.5,2,5
"2118",22.5,2,5
"2119",-16.5,1,5
"2120",-15.5,1,5
"2121",-14.5,1,5
"2122",-13.5,1,5
"2123",-12.5,1,5
"2124",-11.5,1,5
"2125",-10.5,1,5
"2126",-9.5,1,5
"2127",-8.5,1,5
"2128",-7.5,1,5
"2129",-6.5,1,5
"2130",-5.5,1,5
"2131",-4.5,1,5
"2132",-3.5,1,5
"2133",-2.5,1,5
"2134",-1.5,1,5
"2135",-0.5,1,5
"2136",0.5,1,5
"2137",1.5,1,5
"2138",2.5,1,5
"2139",3.5,1,5
"2140",4.5,1,5
"2141",5.5,1,5
"2142",6.5,1,5
"2143",7.5,1,5
"2144",8.5,1,5
"2145",9.5,1,5
"2146",10.5,1,5
"2147",11.5,1,5
"2148",12.5,1,5
"2149",13.5,1,5
"2150",14.5,1,5
"2151",15.5,1,5
"2152",16.5,1,5
"2153",17.5,1,5
"2154",18.5,1,5
"2155",19.5,1,5
"2156",20.5,1,5
"2157",21.5,1,5
"2158",22.5,1,5
"2159",-17.5,0,5
"2160",-16.5,0,5
"2161",-15.5,0,5
"2162",-14.5,0,5
"2163",-13.5,0,5
"2164",-12.5,0,5
"2165",-11.5,0,5
"2166",-10.5,0,5
"2167",-9.5,0,5
"2168",-8.5,0,5
"2169",-7.5,0,5
"2170",-6.5,0,5
"2171",-5.5,0,5
"2172",-4.5,0,5
"2173",-3.5,0,5
"2174",-2.5,0,5
"2175",-1.5,0,5
"2176",-0.5,0,5
"2177",0.5,0,5
"2178",1.5,0,5
"2179",2.5,0,5
"2180",3.5,0,5
"2181",4.5,0,5
"2182",5.5,0,5
"2183",6.5,0,5
"2184",7.5,0,5
"2185",8.5,0,5
"2186",9.5,0,5
"2187",10.5,0,5
"2188",11.5,0,5
"2189",12.5,0,5
"2190",13.5,0,5
"2191",14.5,0,5
"2192",15.5,0,5
"2193",16.5,0,5
"2194",17.5,0,5
"2195",18.5,0,5
"2196",19.5,0,5
"2197",20.5,0,5
"2198",21.5,0,5
"2199",22.5,0,5
"2200",-17.5,-1,5
"2201",-16.5,-1,5
"2202",-15.5,-1,5
"2203",-14.5,-1,5
"2204",-13.5,-1,5
"2205",-12.5,-1,5
"2206",-11.5,-1,5
"2207",-10.5,-1,5
"2208",-9.5,-1,5
"2209",-8.5,-1,5
"2210",-7.5,-1,5
"2211",-6.5,-1,5
"2212",-5.5,-1,5
"2213",-4.5,-1,5
"2214",-3.5,-1,5
"2215",-2.5,-1,5
"2216",-1.5,-1,5
"2217",-0.5,-1,5
"2218",0.5,-1,5
"2219",1.5,-1,5
"2220",2.5,-1,5
"2221",3.5,-1,5
"2222",4.5,-1,5
"2223",5.5,-1,5
"2224",6.5,-1,5
"2225",7.5,-1,5
"2226",8.5,-1,5
"2227",9.5,-1,5
"2228",10.5,-1,5
"2229",11.5,-1,5
"2230",12.5,-1,5
"2231",13.5,-1,5
"2232",14.5,-1,5
"2233",15.5,-1,5
"2234",16.5,-1,5
"2235",17.5,-1,5
"2236",18.5,-1,5
"2237",19.5,-1,5
"2238",20.5,-1,5
"2239",21.5,-1,5
"2240",22.5,-1,5
"2241",-17.5,-2,5
"2242",-16.5,-2,5
"2243",-15.5,-2,5
"2244",-14.5,-2,5
"2245",-13.5,-2,5
"2246",-12.5,-2,5
"2247",-11.5,-2,5
"2248",-10.5,-2,5
"2249",-9.5,-2,5
"2250",-8.5,-2,5
"2251",-7.5,-2,5
"2252",-6.5,-2,5
"2253",-5.5,-2,5
"2254",-4.5,-2,5
"2255",-3.5,-2,5
"2256",-2.5,-2,5
"2257",-1.5,-2,5
"2258",-0.5,-2,5
"2259",0.5,-2,5
"2260",1.5,-2,5
"2261",2.5,-2,5
"2262",3.5,-2,5
"2263",4.5,-2,5
"2264",5.5,-2,5
"2265",6.5,-2,5
"2266",7.5,-2,5
"2267",8.5,-2,5
"2268",9.5,-2,5
"2269",10.5,-2,5
"2270",11.5,-2,5
"2271",12.5,-2,5
"2272",13.5,-2,5
"2273",14.5,-2,5
"2274",15.5,-2,5
"2275",16.5,-2,5
"2276",17.5,-2,5
"2277",18.5,-2,5
"2278",19.5,-2,5
"2279",20.5,-2,5
"2280",21.5,-2,5
"2281",22.5,-2,5
"2282",23.5,-2,5
"2283",-18.5,-3,5
"2284",-17.5,-3,5
"2285",-16.5,-3,5
"2286",-15.5,-3,5
"2287",-14.5,-3,5
"2288",-13.5,-3,5
"2289",-12.5,-3,5
"2290",-11.5,-3,5
"2291",-10.5,-3,5
"2292",-9.5,-3,5
"2293",-8.5,-3,5
"2294",-7.5,-3,5
"2295",-6.5,-3,5
"2296",-5.5,-3,5
"2297",-4.5,-3,5
"2298",-3.5,-3,5
"2299",-2.5,-3,5
"2300",-1.5,-3,5
"2301",-0.5,-3,5
"2302",0.5,-3,5
"2303",1.5,-3,5
"2304",2.5,-3,5
"2305",3.5,-3,5
"2306",4.5,-3,5
"2307",5.5,-3,5
"2308",6.5,-3,5
"2309",7.5,-3,5
"2310",8.5,-3,5
"2311",9.5,-3,5
"2312",10.5,-3,5
"2313",11.5,-3,5
"2314",12.5,-3,5
"2315",13.5,-3,5
"2316",14.5,-3,5
"2317",15.5,-3,5
"2318",16.5,-3,5
"2319",17.5,-3,5
"2320",18.5,-3,5
"2321",19.5,-3,5
"2322",20.5,-3,5
"2323",21.5,-3,5
"2324",22.5,-3,5
"2325",23.5,-3,5
"2326",-19.5,-4,5
"2327",-18.5,-4,5
"2328",-17.5,-4,5
"2329",-16.5,-4,5
"2330",-15.5,-4,5
"2331",-14.5,-4,5
"2332",-13.5,-4,5
"2333",-12.5,-4,5
"2334",-11.5,-4,5
"2335",-10.5,-4,5
"2336",-9.5,-4,5
"2337",-8.5,-4,5
"2338",-7.5,-4,5
"2339",-6.5,-4,5
"2340",-5.5,-4,5
"2341",-4.5,-4,5
"2342",-3.5,-4,5
"2343",-2.5,-4,5
"2344",-1.5,-4,5
"2345",-0.5,-4,5
"2346",0.5,-4,5
"2347",1.5,-4,5
"2348",2.5,-4,5
"2349",3.5,-4,5
"2350",4.5,-4,5
"2351",5.5,-4,5
"2352",6.5,-4,5
"2353",7.5,-4,5
"2354",8.5,-4,5
"2355",9.5,-4,5
"2356",10.5,-4,5
"2357",11.5,-4,5
"2358",12.5,-4,5
"2359",13.5,-4,5
"2360",14.5,-4,5
"2361",15.5,-4,5
"2362",16.5,-4,5
"2363",17.5,-4,5
"2364",18.5,-4,5
"2365",19.5,-4,5
"2366",20.5,-4,5
"2367",21.5,-4,5
"2368",22.5,-4,5
"2369",23.5,-4,5
"2370",-19.5,-5,5
"2371",-18.5,-5,5
"2372",-17.5,-5,5
"2373",-16.5,-5,5
"2374",-15.5,-5,5
"2375",-14.5,-5,5
"2376",-13.5,-5,5
"2377",-12.5,-5,5
"2378",-11.5,-5,5
"2379",-10.5,-5,5
"2380",-9.5,-5,5
"2381",-8.5,-5,5
"2382",-7.5,-5,5
"2383",-6.5,-5,5
"2384",-5.5,-5,5
"2385",-4.5,-5,5
"2386",-3.5,-5,5
"2387",-2.5,-5,5
"2388",-1.5,-5,5
"2389",-0.5,-5,5
"2390",0.5,-5,5
"2391",1.5,-5,5
"2392",2.5,-5,5
"2393",3.5,-5,5
"2394",4.5,-5,5
"2395",5.5,-5,5
"2396",6.5,-5,5
"2397",7.5,-5,5
"2398",8.5,-5,5
"2399",9.5,-5,5
"2400",10.5,-5,5
"2401",11.5,-5,5
"2402",12.5,-5,5
"2403",13.5,-5,5
"2404",14.5,-5,5
"2405",15.5,-5,5
"2406",16.5,-5,5
"2407",17.5,-5,5
"2408",18.5,-5,5
"2409",19.5,-5,5
"2410",20.5,-5,5
"2411",21.5,-5,5
"2412",22.5,-5,5
"2413",23.5,-5,5
"2414",24.5,-5,5
"2415",-20.5,-6,5
"2416",-19.5,-6,5
"2417",-18.5,-6,5
"2418",-17.5,-6,5
"2419",-16.5,-6,5
"2420",-15.5,-6,5
"2421",-14.5,-6,5
"2422",-13.5,-6,5
"2423",-12.5,-6,5
"2424",-11.5,-6,5
"2425",-10.5,-6,5
"2426",-9.5,-6,5
"2427",-8.5,-6,5
"2428",-7.5,-6,5
"2429",-6.5,-6,5
"2430",-5.5,-6,5
"2431",-4.5,-6,5
"2432",-3.5,-6,5
"2433",-2.5,-6,5
"2434",-1.5,-6,5
"2435",-0.5,-6,5
"2436",0.5,-6,5
"2437",1.5,-6,5
"2438",2.5,-6,5
"2439",3.5,-6,5
"2440",4.5,-6,5
"2441",5.5,-6,5
"2442",6.5,-6,5
"2443",7.5,-6,5
"2444",8.5,-6,5
"2445",9.5,-6,5
"2446",10.5,-6,5
"2447",11.5,-6,5
"2448",12.5,-6,5
"2449",13.5,-6,5
"2450",14.5,-6,5
"2451",15.5,-6,5
"2452",16.5,-6,5
"2453",17.5,-6,5
"2454",18.5,-6,5
"2455",19.5,-6,5
"2456",20.5,-6,5
"2457",21.5,-6,5
"2458",22.5,-6,5
"2459",23.5,-6,5
"2460",24.5,-6,5
"2461",-21.5,-7,5
"2462",-20.5,-7,5
"2463",-19.5,-7,5
"2464",-18.5,-7,5
"2465",-17.5,-7,5
"2466",-16.5,-7,5
"2467",-15.5,-7,5
"2468",-14.5,-7,5
"2469",-13.5,-7,5
"2470",-12.5,-7,5
"2471",-11.5,-7,5
"2472",-10.5,-7,5
"2473",-9.5,-7,5
"2474",-8.5,-7,5
"2475",-7.5,-7,5
"2476",-6.5,-7,5
"2477",-5.5,-7,5
"2478",-4.5,-7,5
"2479",-3.5,-7,5
"2480",-2.5,-7,5
"2481",-1.5,-7,5
"2482",-0.5,-7,5
"2483",0.5,-7,5
"2484",1.5,-7,5
"2485",2.5,-7,5
"2486",3.5,-7,5
"2487",4.5,-7,5
"2488",5.5,-7,5
"2489",6.5,-7,5
"2490",7.5,-7,5
"2491",8.5,-7,5
"2492",9.5,-7,5
"2493",10.5,-7,5
"2494",11.5,-7,5
"2495",12.5,-7,5
"2496",13.5,-7,5
"2497",14.5,-7,5
"2498",15.5,-7,5
"2499",16.5,-7,5
"2500",17.5,-7,5
"2501",18.5,-7,5
"2502",19.5,-7,5
"2503",20.5,-7,5
"2504",21.5,-7,5
"2505",22.5,-7,5
"2506",23.5,-7,5
"2507",24.5,-7,5
"2508",-21.5,-8,5
"2509",-20.5,-8,5
"2510",-19.5,-8,5
"2511",-18.5,-8,5
"2512",-17.5,-8,5
"2513",-16.5,-8,5
"2514",-15.5,-8,5
"2515",-14.5,-8,5
"2516",-13.5,-8,5
"2517",-12.5,-8,5
"2518",-11.5,-8,5
"2519",-10.5,-8,5
"2520",-9.5,-8,5
"2521",-8.5,-8,5
"2522",-7.5,-8,5
"2523",-6.5,-8,5
"2524",-5.5,-8,5
"2525",-4.5,-8,5
"2526",-3.5,-8,5
"2527",-2.5,-8,5
"2528",-1.5,-8,5
"2529",-0.5,-8,5
"2530",0.5,-8,5
"2531",1.5,-8,5
"2532",2.5,-8,5
"2533",3.5,-8,5
"2534",4.5,-8,5
"2535",5.5,-8,5
"2536",6.5,-8,5
"2537",7.5,-8,5
"2538",8.5,-8,5
"2539",9.5,-8,5
"2540",10.5,-8,5
"2541",11.5,-8,5
"2542",12.5,-8,5
"2543",13.5,-8,5
"2544",14.5,-8,5
"2545",15.5,-8,5
"2546",16.5,-8,5
"2547",17.5,-8,5
"2548",18.5,-8,5
"2549",19.5,-8,5
"2550",20.5,-8,5
"2551",21.5,-8,5
"2552",22.5,-8,5
"2553",23.5,-8,5
"2554",24.5,-8,5
"2555",-22.5,-9,5
"2556",-21.5,-9,5
"2557",-20.5,-9,5
"2558",-19.5,-9,5
"2559",-18.5,-9,5
"2560",-17.5,-9,5
"2561",-16.5,-9,5
"2562",-15.5,-9,5
"2563",-14.5,-9,5
"2564",-13.5,-9,5
"2565",-12.5,-9,5
"2566",-11.5,-9,5
"2567",-10.5,-9,5
"2568",-9.5,-9,5
"2569",-8.5,-9,5
"2570",-7.5,-9,5
"2571",-6.5,-9,5
"2572",-5.5,-9,5
"2573",-4.5,-9,5
"2574",-3.5,-9,5
"2575",-2.5,-9,5
"2576",-1.5,-9,5
"2577",-0.5,-9,5
"2578",0.5,-9,5
"2579",1.5,-9,5
"2580",2.5,-9,5
"2581",3.5,-9,5
"2582",4.5,-9,5
"2583",5.5,-9,5
"2584",6.5,-9,5
"2585",7.5,-9,5
"2586",8.5,-9,5
"2587",9.5,-9,5
"2588",10.5,-9,5
"2589",11.5,-9,5
"2590",12.5,-9,5
"2591",13.5,-9,5
"2592",14.5,-9,5
"2593",15.5,-9,5
"2594",16.5,-9,5
"2595",17.5,-9,5
"2596",18.5,-9,5
"2597",19.5,-9,5
"2598",20.5,-9,5
"2599",21.5,-9,5
"2600",22.5,-9,5
"2601",23.5,-9,5
"2602",24.5,-9,5
"2603",-23.5,-10,5
"2604",-22.5,-10,5
"2605",-21.5,-10,5
"2606",-20.5,-10,5
"2607",-19.5,-10,5
"2608",-18.5,-10,5
"2609",-17.5,-10,5
"2610",-16.5,-10,5
"2611",-15.5,-10,5
"2612",-14.5,-10,5
"2613",-13.5,-10,5
"2614",-12.5,-10,5
"2615",-11.5,-10,5
"2616",-10.5,-10,5
"2617",-9.5,-10,5
"2618",-8.5,-10,5
"2619",-7.5,-10,5
"2620",-6.5,-10,5
"2621",-5.5,-10,5
"2622",-4.5,-10,5
"2623",-3.5,-10,5
"2624",-2.5,-10,5
"2625",-1.5,-10,5
"2626",-0.5,-10,5
"2627",0.5,-10,5
"2628",1.5,-10,5
"2629",2.5,-10,5
"2630",3.5,-10,5
"2631",4.5,-10,5
"2632",5.5,-10,5
"2633",6.5,-10,5
"2634",7.5,-10,5
"2635",8.5,-10,5
"2636",9.5,-10,5
"2637",10.5,-10,5
"2638",11.5,-10,5
"2639",12.5,-10,5
"2640",13.5,-10,5
"2641",14.5,-10,5
"2642",15.5,-10,5
"2643",16.5,-10,5
"2644",17.5,-10,5
"2645",18.5,-10,5
"2646",19.5,-10,5
"2647",20.5,-10,5
"2648",21.5,-10,5
"2649",22.5,-10,5
"2650",23.5,-10,5
"2651",24.5,-10,5
"2652",-24.5,-11,5
"2653",-23.5,-11,5
"2654",-22.5,-11,5
"2655",-21.5,-11,5
"2656",-20.5,-11,5
"2657",-19.5,-11,5
"2658",-18.5,-11,5
"2659",-17.5,-11,5
"2660",-16.5,-11,5
"2661",-15.5,-11,5
"2662",-14.5,-11,5
"2663",-13.5,-11,5
"2664",-12.5,-11,5
"2665",-11.5,-11,5
"2666",-10.5,-11,5
"2667",-9.5,-11,5
"2668",-8.5,-11,5
"2669",-7.5,-11,5
"2670",-6.5,-11,5
"2671",-5.5,-11,5
"2672",-4.5,-11,5
"2673",-3.5,-11,5
"2674",-2.5,-11,5
"2675",-1.5,-11,5
"2676",-0.5,-11,5
"2677",0.5,-11,5
"2678",1.5,-11,5
"2679",2.5,-11,5
"2680",3.5,-11,5
"2681",4.5,-11,5
"2682",5.5,-11,5
"2683",6.5,-11,5
"2684",7.5,-11,5
"2685",8.5,-11,5
"2686",9.5,-11,5
"2687",10.5,-11,5
"2688",11.5,-11,5
"2689",12.5,-11,5
"2690",13.5,-11,5
"2691",14.5,-11,5
"2692",15.5,-11,5
"2693",16.5,-11,5
"2694",17.5,-11,5
"2695",18.5,-11,5
"2696",19.5,-11,5
"2697",20.5,-11,5
"2698",21.5,-11,5
"2699",22.5,-11,5
"2700",23.5,-11,5
"2701",24.5,-11,5
"2702",-24.5,-12,5
"2703",-23.5,-12,5
"2704",-22.5,-12,5
"2705",-21.5,-12,5
"2706",-20.5,-12,5
"2707",-19.5,-12,5
"2708",-18.5,-12,5
"2709",-17.5,-12,5
"2710",-16.5,-12,5
"2711",-15.5,-12,5
"2712",-14.5,-12,5
"2713",-13.5,-12,5
"2714",-12.5,-12,5
"2715",-11.5,-12,5
"2716",-10.5,-12,5
"2717",-9.5,-12,5
"2718",-8.5,-12,5
"2719",-7.5,-12,5
"2720",-6.5,-12,5
"2721",-5.5,-12,5
"2722",-4.5,-12,5
"2723",-3.5,-12,5
"2724",-2.5,-12,5
"2725",-1.5,-12,5
"2726",-0.5,-12,5
"2727",0.5,-12,5
"2728",1.5,-12,5
"2729",2.5,-12,5
"2730",3.5,-12,5
"2731",4.5,-12,5
"2732",5.5,-12,5
"2733",6.5,-12,5
"2734",7.5,-12,5
"2735",8.5,-12,5
"2736",9.5,-12,5
"2737",10.5,-12,5
"2738",11.5,-12,5
"2739",12.5,-12,5
"2740",13.5,-12,5
"2741",14.5,-12,5
"2742",15.5,-12,5
"2743",16.5,-12,5
"2744",17.5,-12,5
"2745",18.5,-12,5
"2746",19.5,-12,5
"2747",20.5,-12,5
"2748",21.5,-12,5
"2749",22.5,-12,5
"2750",23.5,-12,5
"2751",24.5,-12,5
"2752",25.5,-12,5
"2753",-24.5,-13,5
"2754",-23.5,-13,5
"2755",-22.5,-13,5
"2756",-21.5,-13,5
"2757",-20.5,-13,5
"2758",-19.5,-13,5
"2759",-18.5,-13,5
"2760",-17.5,-13,5
"2761",-16.5,-13,5
"2762",-15.5,-13,5
"2763",-14.5,-13,5
"2764",-13.5,-13,5
"2765",-12.5,-13,5
"2766",-11.5,-13,5
"2767",-10.5,-13,5
"2768",-9.5,-13,5
"2769",-8.5,-13,5
"2770",-7.5,-13,5
"2771",-6.5,-13,5
"2772",-5.5,-13,5
"2773",-4.5,-13,5
"2774",-3.5,-13,5
"2775",-2.5,-13,5
"2776",-1.5,-13,5
"2777",-0.5,-13,5
"2778",0.5,-13,5
"2779",1.5,-13,5
"2780",2.5,-13,5
"2781",3.5,-13,5
"2782",4.5,-13,5
"2783",5.5,-13,5
"2784",6.5,-13,5
"2785",7.5,-13,5
"2786",8.5,-13,5
"2787",9.5,-13,5
"2788",10.5,-13,5
"2789",11.5,-13,5
"2790",12.5,-13,5
"2791",13.5,-13,5
"2792",14.5,-13,5
"2793",15.5,-13,5
"2794",16.5,-13,5
"2795",17.5,-13,5
"2796",18.5,-13,5
"2797",19.5,-13,5
"2798",20.5,-13,5
"2799",21.5,-13,5
"2800",22.5,-13,5
"2801",23.5,-13,5
"2802",24.5,-13,5
"2803",25.5,-13,5
"2804",-25.5,-14,5
"2805",-24.5,-14,5
"2806",-23.5,-14,5
"2807",-22.5,-14,5
"2808",-21.5,-14,5
"2809",-20.5,-14,5
"2810",-19.5,-14,5
"2811",-18.5,-14,5
"2812",-17.5,-14,5
"2813",-16.5,-14,5
"2814",-15.5,-14,5
"2815",-14.5,-14,5
"2816",-13.5,-14,5
"2817",-12.5,-14,5
"2818",-11.5,-14,5
"2819",-10.5,-14,5
"2820",-9.5,-14,5
"2821",-8.5,-14,5
"2822",-7.5,-14,5
"2823",-6.5,-14,5
"2824",-5.5,-14,5
"2825",-4.5,-14,5
"2826",-3.5,-14,5
"2827",-2.5,-14,5
"2828",-1.5,-14,5
"2829",-0.5,-14,5
"2830",0.5,-14,5
"2831",1.5,-14,5
"2832",2.5,-14,5
"2833",3.5,-14,5
"2834",4.5,-14,5
"2835",5.5,-14,5
"2836",6.5,-14,5
"2837",7.5,-14,5
"2838",8.5,-14,5
"2839",9.5,-14,5
"2840",10.5,-14,5
"2841",11.5,-14,5
"2842",12.5,-14,5
"2843",13.5,-14,5
"2844",14.5,-14,5
"2845",15.5,-14,5
"2846",16.5,-14,5
"2847",17.5,-14,5
"2848",18.5,-14,5
"2849",19.5,-14,5
"2850",20.5,-14,5
"2851",21.5,-14,5
"2852",22.5,-14,5
"2853",23.5,-14,5
"2854",24.5,-14,5
"2855",25.5,-14,5
"2856",-25.5,-15,5
"2857",-24.5,-15,5
"2858",-23.5,-15,5
"2859",-22.5,-15,5
"2860",-21.5,-15,5
"2861",-20.5,-15,5
"2862",-19.5,-15,5
"2863",-18.5,-15,5
"2864",-17.5,-15,5
"2865",-16.5,-15,5
"2866",-15.5,-15,5
"2867",-14.5,-15,5
"2868",-13.5,-15,5
"2869",-12.5,-15,5
"2870",-11.5,-15,5
"2871",-10.5,-15,5
"2872",-9.5,-15,5
"2873",-8.5,-15,5
"2874",-7.5,-15,5
"2875",-6.5,-15,5
"2876",-5.5,-15,5
"2877",-4.5,-15,5
"2878",-3.5,-15,5
"2879",-2.5,-15,5
"2880",-1.5,-15,5
"2881",-0.5,-15,5
"2882",0.5,-15,5
"2883",1.5,-15,5
"2884",2.5,-15,5
"2885",3.5,-15,5
"2886",4.5,-15,5
"2887",5.5,-15,5
"2888",6.5,-15,5
"2889",7.5,-15,5
"2890",8.5,-15,5
"2891",9.5,-15,5
"2892",10.5,-15,5
"2893",11.5,-15,5
"2894",12.5,-15,5
"2895",13.5,-15,5
"2896",14.5,-15,5
"2897",15.5,-15,5
"2898",16.5,-15,5
"2899",17.5,-15,5
"2900",18.5,-15,5
"2901",19.5,-15,5
"2902",20.5,-15,5
"2903",21.5,-15,5
"2904",22.5,-15,5
"2905",23.5,-15,5
"2906",24.5,-15,5
"2907",25.5,-15,5
"2908",26.5,-15,5
"2909",-26.5,-16,5
"2910",-25.5,-16,5
"2911",-24.5,-16,5
"2912",-23.5,-16,5
"2913",-22.5,-16,5
"2914",-21.5,-16,5
"2915",-20.5,-16,5
"2916",-19.5,-16,5
"2917",-18.5,-16,5
"2918",-17.5,-16,5
"2919",-16.5,-16,5
"2920",-15.5,-16,5
"2921",-14.5,-16,5
"2922",-13.5,-16,5
"2923",-12.5,-16,5
"2924",-11.5,-16,5
"2925",-10.5,-16,5
"2926",-9.5,-16,5
"2927",-8.5,-16,5
"2928",-7.5,-16,5
"2929",-6.5,-16,5
"2930",-5.5,-16,5
"2931",-4.5,-16,5
"2932",-3.5,-16,5
"2933",-2.5,-16,5
"2934",-1.5,-16,5
"2935",-0.5,-16,5
"2936",0.5,-16,5
"2937",1.5,-16,5
"2938",2.5,-16,5
"2939",3.5,-16,5
"2940",4.5,-16,5
"2941",5.5,-16,5
"2942",6.5,-16,5
"2943",7.5,-16,5
"2944",8.5,-16,5
"2945",9.5,-16,5
"2946",10.5,-16,5
"2947",11.5,-16,5
"2948",12.5,-16,5
"2949",13.5,-16,5
"2950",14.5,-16,5
"2951",15.5,-16,5
"2952",16.5,-16,5
"2953",17.5,-16,5
"2954",18.5,-16,5
"2955",19.5,-16,5
"2956",20.5,-16,5
"2957",21.5,-16,5
"2958",22.5,-16,5
"2959",23.5,-16,5
"2960",24.5,-16,5
"2961",25.5,-16,5
"2962",26.5,-16,5
"2963",-26.5,-17,5
"2964",-25.5,-17,5
"2965",-24.5,-17,5
"2966",-23.5,-17,5
"2967",-22.5,-17,5
"2968",-21.5,-17,5
"2969",-20.5,-17,5
"2970",-19.5,-17,5
"2971",-18.5,-17,5
"2972",-17.5,-17,5
"2973",-16.5,-17,5
"2974",-15.5,-17,5
"2975",-14.5,-17,5
"2976",-13.5,-17,5
"2977",-12.5,-17,5
"2978",-11.5,-17,5
"2979",-10.5,-17,5
"2980",-9.5,-17,5
"2981",-8.5,-17,5
"2982",-7.5,-17,5
"2983",-6.5,-17,5
"2984",-5.5,-17,5
"2985",-4.5,-17,5
"2986",-3.5,-17,5
"2987",-2.5,-17,5
"2988",-1.5,-17,5
"2989",-0.5,-17,5
"2990",0.5,-17,5
"2991",1.5,-17,5
"2992",2.5,-17,5
"2993",3.5,-17,5
"2994",4.5,-17,5
"2995",5.5,-17,5
"2996",6.5,-17,5
"2997",7.5,-17,5
"2998",8.5,-17,5
"2999",9.5,-17,5
"3000",10.5,-17,5
"3001",11.5,-17,5
"3002",12.5,-17,5
"3003",13.5,-17,5
"3004",14.5,-17,5
"3005",15.5,-17,5
"3006",16.5,-17,5
"3007",17.5,-17,5
"3008",18.5,-17,5
"3009",19.5,-17,5
"3010",20.5,-17,5
"3011",21.5,-17,5
"3012",22.5,-17,5
"3013",23.5,-17,5
"3014",24.5,-17,5
"3015",25.5,-17,5
"3016",26.5,-17,5
"3017",-26.5,-18,5
"3018",-25.5,-18,5
"3019",-24.5,-18,5
"3020",-23.5,-18,5
"3021",-22.5,-18,5
"3022",-21.5,-18,5
"3023",-20.5,-18,5
"3024",-19.5,-18,5
"3025",-18.5,-18,5
"3026",-17.5,-18,5
"3027",-16.5,-18,5
"3028",-15.5,-18,5
"3029",-14.5,-18,5
"3030",-13.5,-18,5
"3031",-12.5,-18,5
"3032",-11.5,-18,5
"3033",-10.5,-18,5
"3034",-9.5,-18,5
"3035",-8.5,-18,5
"3036",-7.5,-18,5
"3037",-6.5,-18,5
"3038",-5.5,-18,5
"3039",-4.5,-18,5
"3040",-3.5,-18,5
"3041",-2.5,-18,5
"3042",-1.5,-18,5
"3043",-0.5,-18,5
"3044",0.5,-18,5
"3045",1.5,-18,5
"3046",2.5,-18,5
"3047",3.5,-18,5
"3048",4.5,-18,5
"3049",5.5,-18,5
"3050",6.5,-18,5
"3051",7.5,-18,5
"3052",8.5,-18,5
"3053",9.5,-18,5
"3054",10.5,-18,5
"3055",11.5,-18,5
"3056",12.5,-18,5
"3057",13.5,-18,5
"3058",14.5,-18,5
"3059",15.5,-18,5
"3060",16.5,-18,5
"3061",17.5,-18,5
"3062",18.5,-18,5
"3063",19.5,-18,5
"3064",20.5,-18,5
"3065",21.5,-18,5
"3066",22.5,-18,5
"3067",23.5,-18,5
"3068",24.5,-18,5
"3069",25.5,-18,5
"3070",26.5,-18,5
"3071",-26.5,-19,5
"3072",-25.5,-19,5
"3073",-24.5,-19,5
"3074",-23.5,-19,5
"3075",-22.5,-19,5
"3076",-21.5,-19,5
"3077",-20.5,-19,5
"3078",-19.5,-19,5
"3079",-18.5,-19,5
"3080",-17.5,-19,5
"3081",-16.5,-19,5
"3082",-15.5,-19,5
"3083",-14.5,-19,5
"3084",-13.5,-19,5
"3085",-12.5,-19,5
"3086",-11.5,-19,5
"3087",-10.5,-19,5
"3088",-9.5,-19,5
"3089",-8.5,-19,5
"3090",-7.5,-19,5
"3091",-6.5,-19,5
"3092",-5.5,-19,5
"3093",-4.5,-19,5
"3094",-3.5,-19,5
"3095",-2.5,-19,5
"3096",-1.5,-19,5
"3097",-0.5,-19,5
"3098",0.5,-19,5
"3099",1.5,-19,5
"3100",2.5,-19,5
"3101",3.5,-19,5
"3102",4.5,-19,5
"3103",5.5,-19,5
"3104",6.5,-19,5
"3105",7.5,-19,5
"3106",8.5,-19,5
"3107",9.5,-19,5
"3108",10.5,-19,5
"3109",11.5,-19,5
"3110",12.5,-19,5
"3111",13.5,-19,5
"3112",14.5,-19,5
"3113",15.5,-19,5
"3114",16.5,-19,5
"3115",17.5,-19,5
"3116",18.5,-19,5
"3117",19.5,-19,5
"3118",20.5,-19,5
"3119",21.5,-19,5
"3120",22.5,-19,5
"3121",23.5,-19,5
"3122",24.5,-19,5
"3123",25.5,-19,5
"3124",26.5,-19,5
"3125",-26.5,-20,5
"3126",-25.5,-20,5
"3127",-24.5,-20,5
"3128",-23.5,-20,5
"3129",-22.5,-20,5
"3130",-21.5,-20,5
"3131",-20.5,-20,5
"3132",-19.5,-20,5
"3133",-18.5,-20,5
"3134",-17.5,-20,5
"3135",-16.5,-20,5
"3136",-15.5,-20,5
"3137",-14.5,-20,5
"3138",-13.5,-20,5
"3139",-12.5,-20,5
"3140",-11.5,-20,5
"3141",-10.5,-20,5
"3142",-9.5,-20,5
"3143",-8.5,-20,5
"3144",-7.5,-20,5
"3145",-6.5,-20,5
"3146",-5.5,-20,5
"3147",-4.5,-20,5
"3148",-3.5,-20,5
"3149",-2.5,-20,5
"3150",-1.5,-20,5
"3151",-0.5,-20,5
"3152",0.5,-20,5
"3153",1.5,-20,5
"3154",2.5,-20,5
"3155",3.5,-20,5
"3156",4.5,-20,5
"3157",5.5,-20,5
"3158",6.5,-20,5
"3159",7.5,-20,5
"3160",8.5,-20,5
"3161",9.5,-20,5
"3162",10.5,-20,5
"3163",11.5,-20,5
"3164",12.5,-20,5
"3165",13.5,-20,5
"3166",14.5,-20,5
"3167",15.5,-20,5
"3168",16.5,-20,5
"3169",17.5,-20,5
"3170",18.5,-20,5
"3171",19.5,-20,5
"3172",20.5,-20,5
"3173",21.5,-20,5
"3174",22.5,-20,5
"3175",23.5,-20,5
"3176",24.5,-20,5
"3177",25.5,-20,5
"3178",26.5,-20,5
"3179",-26.5,-21,5
"3180",-25.5,-21,5
"3181",-24.5,-21,5
"3182",-23.5,-21,5
"3183",-22.5,-21,5
"3184",-21.5,-21,5
"3185",-20.5,-21,5
"3186",-19.5,-21,5
"3187",-18.5,-21,5
"3188",-17.5,-21,5
"3189",-16.5,-21,5
"3190",-15.5,-21,5
"3191",-14.5,-21,5
"3192",-13.5,-21,5
"3193",-12.5,-21,5
"3194",-11.5,-21,5
"3195",-10.5,-21,5
"3196",-9.5,-21,5
"3197",-8.5,-21,5
"3198",-7.5,-21,5
"3199",-6.5,-21,5
"3200",-5.5,-21,5
"3201",-4.5,-21,5
"3202",-3.5,-21,5
"3203",-2.5,-21,5
"3204",-1.5,-21,5
"3205",-0.5,-21,5
"3206",0.5,-21,5
"3207",1.5,-21,5
"3208",2.5,-21,5
"3209",3.5,-21,5
"3210",4.5,-21,5
"3211",5.5,-21,5
"3212",6.5,-21,5
"3213",7.5,-21,5
"3214",8.5,-21,5
"3215",9.5,-21,5
"3216",10.5,-21,5
"3217",11.5,-21,5
"3218",12.5,-21,5
"3219",13.5,-21,5
"3220",14.5,-21,5
"3221",15.5,-21,5
"3222",16.5,-21,5
"3223",17.5,-21,5
"3224",18.5,-21,5
"3225",19.5,-21,5
"3226",20.5,-21,5
"3227",21.5,-21,5
"3228",22.5,-21,5
"3229",23.5,-21,5
"3230",24.5,-21,5
"3231",25.5,-21,5
"3232",26.5,-21,5
"3233",-26.5,-22,5
"3234",-25.5,-22,5
"3235",-24.5,-22,5
"3236",-23.5,-22,5
"3237",-22.5,-22,5
"3238",-21.5,-22,5
"3239",-20.5,-22,5
"3240",-19.5,-22,5
"3241",-18.5,-22,5
"3242",-17.5,-22,5
"3243",-16.5,-22,5
"3244",-15.5,-22,5
"3245",-14.5,-22,5
"3246",-13.5,-22,5
"3247",-12.5,-22,5
"3248",-11.5,-22,5
"3249",-10.5,-22,5
"3250",-9.5,-22,5
"3251",-8.5,-22,5
"3252",-7.5,-22,5
"3253",-6.5,-22,5
"3254",-5.5,-22,5
"3255",-4.5,-22,5
"3256",-3.5,-22,5
"3257",-2.5,-22,5
"3258",-1.5,-22,5
"3259",-0.5,-22,5
"3260",0.5,-22,5
"3261",1.5,-22,5
"3262",2.5,-22,5
"3263",3.5,-22,5
"3264",4.5,-22,5
"3265",5.5,-22,5
"3266",6.5,-22,5
"3267",7.5,-22,5
"3268",8.5,-22,5
"3269",9.5,-22,5
"3270",10.5,-22,5
"3271",11.5,-22,5
"3272",12.5,-22,5
"3273",13.5,-22,5
"3274",14.5,-22,5
"3275",15.5,-22,5
"3276",16.5,-22,5
"3277",17.5,-22,5
"3278",18.5,-22,5
"3279",19.5,-22,5
"3280",20.5,-22,5
"3281",21.5,-22,5
"3282",22.5,-22,5
"3283",23.5,-22,5
"3284",24.5,-22,5
"3285",25.5,-22,5
"3286",26.5,-22,5
"3287",-26.5,-23,5
"3288",-25.5,-23,5
"3289",-24.5,-23,5
"3290",-23.5,-23,5
"3291",-22.5,-23,5
"3292",-21.5,-23,5
"3293",-20.5,-23,5
"3294",-19.5,-23,5
"3295",-18.5,-23,5
"3296",-17.5,-23,5
"3297",-16.5,-23,5
"3298",-15.5,-23,5
"3299",-14.5,-23,5
"3300",-13.5,-23,5
"3301",-12.5,-23,5
"3302",-11.5,-23,5
"3303",-10.5,-23,5
"3304",-9.5,-23,5
"3305",-8.5,-23,5
"3306",-7.5,-23,5
"3307",-6.5,-23,5
"3308",-5.5,-23,5
"3309",-4.5,-23,5
"3310",-3.5,-23,5
"3311",-2.5,-23,5
"3312",-1.5,-23,5
"3313",-0.5,-23,5
"3314",0.5,-23,5
"3315",1.5,-23,5
"3316",2.5,-23,5
"3317",3.5,-23,5
"3318",4.5,-23,5
"3319",5.5,-23,5
"3320",6.5,-23,5
"3321",7.5,-23,5
"3322",8.5,-23,5
"3323",9.5,-23,5
"3324",10.5,-23,5
"3325",11.5,-23,5
"3326",12.5,-23,5
"3327",13.5,-23,5
"3328",14.5,-23,5
"3329",15.5,-23,5
"3330",16.5,-23,5
"3331",17.5,-23,5
"3332",18.5,-23,5
"3333",19.5,-23,5
"3334",20.5,-23,5
"3335",21.5,-23,5
"3336",22.5,-23,5
"3337",23.5,-23,5
"3338",24.5,-23,5
"3339",25.5,-23,5
"3340",-26.5,-24,5
"3341",-25.5,-24,5
"3342",-24.5,-24,5
"3343",-23.5,-24,5
"3344",-22.5,-24,5
"3345",-21.5,-24,5
"3346",-20.5,-24,5
"3347",-19.5,-24,5
"3348",-18.5,-24,5
"3349",-17.5,-24,5
"3350",-16.5,-24,5
"3351",-15.5,-24,5
"3352",-14.5,-24,5
"3353",-13.5,-24,5
"3354",-12.5,-24,5
"3355",-11.5,-24,5
"3356",-10.5,-24,5
"3357",-9.5,-24,5
"3358",-8.5,-24,5
"3359",-7.5,-24,5
"3360",-6.5,-24,5
"3361",-5.5,-24,5
"3362",-4.5,-24,5
"3363",-3.5,-24,5
"3364",-2.5,-24,5
"3365",-1.5,-24,5
"3366",-0.5,-24,5
"3367",0.5,-24,5
"3368",1.5,-24,5
"3369",2.5,-24,5
"3370",3.5,-24,5
"3371",4.5,-24,5
"3372",5.5,-24,5
"3373",6.5,-24,5
"3374",7.5,-24,5
"3375",8.5,-24,5
"3376",9.5,-24,5
"3377",10.5,-24,5
"3378",11.5,-24,5
"3379",12.5,-24,5
"3380",13.5,-24,5
"3381",14.5,-24,5
"3382",15.5,-24,5
"3383",16.5,-24,5
"3384",17.5,-24,5
"3385",18.5,-24,5
"3386",19.5,-24,5
"3387",20.5,-24,5
"3388",21.5,-24,5
"3389",22.5,-24,5
"3390",23.5,-24,5
"3391",24.5,-24,5
"3392",25.5,-24,5
"3393",-26.5,-25,5
"3394",-25.5,-25,5
"3395",-24.5,-25,5
"3396",-23.5,-25,5
"3397",-22.5,-25,5
"3398",-21.5,-25,5
"3399",-20.5,-25,5
"3400",-19.5,-25,5
"3401",-18.5,-25,5
"3402",-17.5,-25,5
"3403",-16.5,-25,5
"3404",-15.5,-25,5
"3405",-14.5,-25,5
"3406",-13.5,-25,5
"3407",-12.5,-25,5
"3408",-11.5,-25,5
"3409",-10.5,-25,5
"3410",-9.5,-25,5
"3411",-8.5,-25,5
"3412",-7.5,-25,5
"3413",-6.5,-25,5
"3414",-5.5,-25,5
"3415",-4.5,-25,5
"3416",-3.5,-25,5
"3417",-2.5,-25,5
"3418",-1.5,-25,5
"3419",-0.5,-25,5
"3420",0.5,-25,5
"3421",1.5,-25,5
"3422",2.5,-25,5
"3423",3.5,-25,5
"3424",4.5,-25,5
"3425",5.5,-25,5
"3426",6.5,-25,5
"3427",7.5,-25,5
"3428",8.5,-25,5
"3429",9.5,-25,5
"3430",10.5,-25,5
"3431",11.5,-25,5
"3432",12.5,-25,5
"3433",13.5,-25,5
"3434",14.5,-25,5
"3435",15.5,-25,5
"3436",16.5,-25,5
"3437",17.5,-25,5
"3438",18.5,-25,5
"3439",19.5,-25,5
"3440",20.5,-25,5
"3441",21.5,-25,5
"3442",22.5,-25,5
"3443",23.5,-25,5
"3444",24.5,-25,5
"3445",25.5,-25,5
"3446",-26.5,-26,5
"3447",-25.5,-26,5
"3448",-24.5,-26,5
"3449",-23.5,-26,5
"3450",-22.5,-26,5
"3451",-21.5,-26,5
"3452",-20.5,-26,5
"3453",-19.5,-26,5
"3454",-18.5,-26,5
"3455",-17.5,-26,5
"3456",-16.5,-26,5
"3457",-15.5,-26,5
"3458",-14.5,-26,5
"3459",-13.5,-26,5
"3460",-12.5,-26,5
"3461",-11.5,-26,5
"3462",-10.5,-26,5
"3463",-9.5,-26,5
"3464",-8.5,-26,5
"3465",-7.5,-26,5
"3466",-6.5,-26,5
"3467",-5.5,-26,5
"3468",-4.5,-26,5
"3469",-3.5,-26,5
"3470",-2.5,-26,5
"3471",-1.5,-26,5
"3472",-0.5,-26,5
"3473",0.5,-26,5
"3474",1.5,-26,5
"3475",2.5,-26,5
"3476",3.5,-26,5
"3477",4.5,-26,5
"3478",5.5,-26,5
"3479",6.5,-26,5
"3480",7.5,-26,5
"3481",8.5,-26,5
"3482",9.5,-26,5
"3483",10.5,-26,5
"3484",11.5,-26,5
"3485",12.5,-26,5
"3486",13.5,-26,5
"3487",14.5,-26,5
"3488",15.5,-26,5
"3489",16.5,-26,5
"3490",17.5,-26,5
"3491",18.5,-26,5
"3492",19.5,-26,5
"3493",20.5,-26,5
"3494",21.5,-26,5
"3495",22.5,-26,5
"3496",23.5,-26,5
"3497",24.5,-26,5
"3498",-26.5,-27,5
"3499",-25.5,-27,5
"3500",-24.5,-27,5
"3501",-23.5,-27,5
"3502",-22.5,-27,5
"3503",-21.5,-27,5
"3504",-20.5,-27,5
"3505",-19.5,-27,5
"3506",-18.5,-27,5
"3507",-17.5,-27,5
"3508",-16.5,-27,5
"3509",-15.5,-27,5
"3510",-14.5,-27,5
"3511",-13.5,-27,5
"3512",-12.5,-27,5
"3513",-11.5,-27,5
"3514",-10.5,-27,5
"3515",-9.5,-27,5
"3516",-8.5,-27,5
"3517",-7.5,-27,5
"3518",-6.5,-27,5
"3519",-5.5,-27,5
"3520",-4.5,-27,5
"3521",-3.5,-27,5
"3522",-2.5,-27,5
"3523",-1.5,-27,5
"3524",-0.5,-27,5
"3525",0.5,-27,5
"3526",1.5,-27,5
"3527",2.5,-27,5
"3528",3.5,-27,5
"3529",4.5,-27,5
"3530",5.5,-27,5
"3531",6.5,-27,5
"3532",7.5,-27,5
"3533",8.5,-27,5
"3534",9.5,-27,5
"3535",10.5,-27,5
"3536",11.5,-27,5
"3537",12.5,-27,5
"3538",13.5,-27,5
"3539",14.5,-27,5
"3540",15.5,-27,5
"3541",16.5,-27,5
"3542",17.5,-27,5
"3543",18.5,-27,5
"3544",19.5,-27,5
"3545",20.5,-27,5
"3546",21.5,-27,5
"3547",22.5,-27,5
"3548",23.5,-27,5
"3549",24.5,-27,5
"3550",-25.5,-28,5
"3551",-24.5,-28,5
"3552",-23.5,-28,5
"3553",-22.5,-28,5
"3554",-21.5,-28,5
"3555",-20.5,-28,5
"3556",-19.5,-28,5
"3557",-18.5,-28,5
"3558",-17.5,-28,5
"3559",-16.5,-28,5
"3560",-15.5,-28,5
"3561",-14.5,-28,5
"3562",-13.5,-28,5
"3563",-12.5,-28,5
"3564",-11.5,-28,5
"3565",-10.5,-28,5
"3566",-9.5,-28,5
"3567",-8.5,-28,5
"3568",-7.5,-28,5
"3569",-6.5,-28,5
"3570",-5.5,-28,5
"3571",-4.5,-28,5
"3572",-3.5,-28,5
"3573",-2.5,-28,5
"3574",-1.5,-28,5
"3575",-0.5,-28,5
"3576",0.5,-28,5
"3577",1.5,-28,5
"3578",2.5,-28,5
"3579",3.5,-28,5
"3580",4.5,-28,5
"3581",5.5,-28,5
"3582",6.5,-28,5
"3583",7.5,-28,5
"3584",8.5,-28,5
"3585",9.5,-28,5
"3586",10.5,-28,5
"3587",11.5,-28,5
"3588",12.5,-28,5
"3589",13.5,-28,5
"3590",14.5,-28,5
"3591",15.5,-28,5
"3592",16.5,-28,5
"3593",17.5,-28,5
"3594",18.5,-28,5
"3595",19.5,-28,5
"3596",20.5,-28,5
"3597",21.5,-28,5
"3598",22.5,-28,5
"3599",23.5,-28,5
"3600",24.5,-28,5
"3601",-25.5,-29,5
"3602",-24.5,-29,5
"3603",-23.5,-29,5
"3604",-22.5,-29,5
"3605",-21.5,-29,5
"3606",-20.5,-29,5
"3607",-19.5,-29,5
"3608",-18.5,-29,5
"3609",-17.5,-29,5
"3610",-16.5,-29,5
"3611",-15.5,-29,5
"3612",-14.5,-29,5
"3613",-13.5,-29,5
"3614",-12.5,-29,5
"3615",-11.5,-29,5
"3616",-10.5,-29,5
"3617",-9.5,-29,5
"3618",-8.5,-29,5
"3619",-7.5,-29,5
"3620",-6.5,-29,5
"3621",-5.5,-29,5
"3622",-4.5,-29,5
"3623",-3.5,-29,5
"3624",-2.5,-29,5
"3625",-1.5,-29,5
"3626",-0.5,-29,5
"3627",0.5,-29,5
"3628",1.5,-29,5
"3629",2.5,-29,5
"3630",3.5,-29,5
"3631",4.5,-29,5
"3632",5.5,-29,5
"3633",6.5,-29,5
"3634",7.5,-29,5
"3635",8.5,-29,5
"3636",9.5,-29,5
"3637",10.5,-29,5
"3638",11.5,-29,5
"3639",12.5,-29,5
"3640",13.5,-29,5
"3641",14.5,-29,5
"3642",15.5,-29,5
"3643",16.5,-29,5
"3644",17.5,-29,5
"3645",18.5,-29,5
"3646",19.5,-29,5
"3647",20.5,-29,5
"3648",21.5,-29,5
"3649",22.5,-29,5
"3650",23.5,-29,5
"3651",-24.5,-30,5
"3652",-23.5,-30,5
"3653",-22.5,-30,5
"3654",-21.5,-30,5
"3655",-20.5,-30,5
"3656",-19.5,-30,5
"3657",-18.5,-30,5
"3658",-17.5,-30,5
"3659",-16.5,-30,5
"3660",-15.5,-30,5
"3661",-14.5,-30,5
"3662",-13.5,-30,5
"3663",-12.5,-30,5
"3664",-11.5,-30,5
"3665",-10.5,-30,5
"3666",-9.5,-30,5
"3667",-8.5,-30,5
"3668",-7.5,-30,5
"3669",-6.5,-30,5
"3670",-5.5,-30,5
"3671",-4.5,-30,5
"3672",-3.5,-30,5
"3673",-2.5,-30,5
"3674",-1.5,-30,5
"3675",-0.5,-30,5
"3676",0.5,-30,5
"3677",1.5,-30,5
"3678",2.5,-30,5
"3679",3.5,-30,5
"3680",4.5,-30,5
"3681",5.5,-30,5
"3682",6.5,-30,5
"3683",7.5,-30,5
"3684",8.5,-30,5
"3685",9.5,-30,5
"3686",10.5,-30,5
"3687",11.5,-30,5
"3688",12.5,-30,5
"3689",13.5,-30,5
"3690",14.5,-30,5
"3691",15.5,-30,5
"3692",16.5,-30,5
"3693",17.5,-30,5
"3694",18.5,-30,5
"3695",19.5,-30,5
"3696",20.5,-30,5
"3697",21.5,-30,5
"3698",22.5,-30,5
"3699",23.5,-30,5
"3700",-23.5,-31,5
"3701",-22.5,-31,5
"3702",-21.5,-31,5
"3703",-20.5,-31,5
"3704",-19.5,-31,5
"3705",-18.5,-31,5
"3706",-17.5,-31,5
"3707",-16.5,-31,5
"3708",-15.5,-31,5
"3709",-14.5,-31,5
"3710",-13.5,-31,5
"3711",-12.5,-31,5
"3712",-11.5,-31,5
"3713",-10.5,-31,5
"3714",-9.5,-31,5
"3715",-8.5,-31,5
"3716",-7.5,-31,5
"3717",-6.5,-31,5
"3718",-5.5,-31,5
"3719",-4.5,-31,5
"3720",-3.5,-31,5
"3721",-2.5,-31,5
"3722",-1.5,-31,5
"3723",-0.5,-31,5
"3724",0.5,-31,5
"3725",1.5,-31,5
"3726",2.5,-31,5
"3727",3.5,-31,5
"3728",4.5,-31,5
"3729",5.5,-31,5
"3730",6.5,-31,5
"3731",7.5,-31,5
"3732",8.5,-31,5
"3733",9.5,-31,5
"3734",10.5,-31,5
"3735",11.5,-31,5
"3736",12.5,-31,5
"3737",13.5,-31,5
"3738",14.5,-31,5
"3739",15.5,-31,5
"3740",16.5,-31,5
"3741",17.5,-31,5
"3742",18.5,-31,5
"3743",19.5,-31,5
"3744",20.5,-31,5
"3745",21.5,-31,5
"3746",22.5,-31,5
"3747",-23.5,-32,5
"3748",-22.5,-32,5
"3749",-21.5,-32,5
"3750",-20.5,-32,5
"3751",-19.5,-32,5
"3752",-18.5,-32,5
"3753",-17.5,-32,5
"3754",-16.5,-32,5
"3755",-15.5,-32,5
"3756",-14.5,-32,5
"3757",-13.5,-32,5
"3758",-12.5,-32,5
"3759",-11.5,-32,5
"3760",-10.5,-32,5
"3761",-9.5,-32,5
"3762",-8.5,-32,5
"3763",-7.5,-32,5
"3764",-6.5,-32,5
"3765",-5.5,-32,5
"3766",-4.5,-32,5
"3767",-3.5,-32,5
"3768",-2.5,-32,5
"3769",-1.5,-32,5
"3770",-0.5,-32,5
"3771",0.5,-32,5
"3772",1.5,-32,5
"3773",2.5,-32,5
"3774",3.5,-32,5
"3775",4.5,-32,5
"3776",5.5,-32,5
"3777",6.5,-32,5
"3778",7.5,-32,5
"3779",8.5,-32,5
"3780",9.5,-32,5
"3781",10.5,-32,5
"3782",11.5,-32,5
"3783",12.5,-32,5
"3784",13.5,-32,5
"3785",14.5,-32,5
"3786",15.5,-32,5
"3787",16.5,-32,5
"3788",17.5,-32,5
"3789",18.5,-32,5
"3790",19.5,-32,5
"3791",20.5,-32,5
"3792",21.5,-32,5
"3793",22.5,-32,5
"3794",-21.5,-33,5
"3795",-20.5,-33,5
"3796",-19.5,-33,5
"3797",-18.5,-33,5
"3798",-17.5,-33,5
"3799",-16.5,-33,5
"3800",-15.5,-33,5
"3801",-14.5,-33,5
"3802",-13.5,-33,5
"3803",-12.5,-33,5
"3804",-11.5,-33,5
"3805",-10.5,-33,5
"3806",-9.5,-33,5
"3807",-8.5,-33,5
"3808",-7.5,-33,5
"3809",-6.5,-33,5
"3810",-5.5,-33,5
"3811",-4.5,-33,5
"3812",-3.5,-33,5
"3813",-2.5,-33,5
"3814",-1.5,-33,5
"3815",-0.5,-33,5
"3816",0.5,-33,5
"3817",1.5,-33,5
"3818",2.5,-33,5
"3819",3.5,-33,5
"3820",4.5,-33,5
"3821",5.5,-33,5
"3822",6.5,-33,5
"3823",7.5,-33,5
"3824",8.5,-33,5
"3825",9.5,-33,5
"3826",10.5,-33,5
"3827",11.5,-33,5
"3828",12.5,-33,5
"3829",13.5,-33,5
"3830",14.5,-33,5
"3831",15.5,-33,5
"3832",16.5,-33,5
"3833",17.5,-33,5
"3834",18.5,-33,5
"3835",19.5,-33,5
"3836",20.5,-33,5
"3837",21.5,-33,5
"3838",-21.5,-34,5
"3839",-20.5,-34,5
"3840",-19.5,-34,5
"3841",-18.5,-34,5
"3842",-17.5,-34,5
"3843",-16.5,-34,5
"3844",-15.5,-34,5
"3845",-14.5,-34,5
"3846",-13.5,-34,5
"3847",-12.5,-34,5
"3848",-11.5,-34,5
"3849",-10.5,-34,5
"3850",-9.5,-34,5
"3851",-8.5,-34,5
"3852",-7.5,-34,5
"3853",-6.5,-34,5
"3854",-5.5,-34,5
"3855",-4.5,-34,5
"3856",-3.5,-34,5
"3857",-2.5,-34,5
"3858",-1.5,-34,5
"3859",-0.5,-34,5
"3860",0.5,-34,5
"3861",1.5,-34,5
"3862",2.5,-34,5
"3863",3.5,-34,5
"3864",4.5,-34,5
"3865",5.5,-34,5
"3866",6.5,-34,5
"3867",7.5,-34,5
"3868",8.5,-34,5
"3869",9.5,-34,5
"3870",10.5,-34,5
"3871",11.5,-34,5
"3872",12.5,-34,5
"3873",13.5,-34,5
"3874",14.5,-34,5
"3875",15.5,-34,5
"3876",16.5,-34,5
"3877",17.5,-34,5
"3878",18.5,-34,5
"3879",19.5,-34,5
"3880",20.5,-34,5
"3881",-19.5,-35,5
"3882",-18.5,-35,5
"3883",-17.5,-35,5
"3884",-16.5,-35,5
"3885",-15.5,-35,5
"3886",-14.5,-35,5
"3887",-13.5,-35,5
"3888",-12.5,-35,5
"3889",-11.5,-35,5
"3890",-10.5,-35,5
"3891",-9.5,-35,5
"3892",-8.5,-35,5
"3893",-7.5,-35,5
"3894",-6.5,-35,5
"3895",-5.5,-35,5
"3896",-4.5,-35,5
"3897",-3.5,-35,5
"3898",-2.5,-35,5
"3899",-1.5,-35,5
"3900",-0.5,-35,5
"3901",0.5,-35,5
"3902",1.5,-35,5
"3903",2.5,-35,5
"3904",3.5,-35,5
"3905",4.5,-35,5
"3906",5.5,-35,5
"3907",6.5,-35,5
"3908",7.5,-35,5
"3909",8.5,-35,5
"3910",9.5,-35,5
"3911",10.5,-35,5
"3912",11.5,-35,5
"3913",12.5,-35,5
"3914",13.5,-35,5
"3915",14.5,-35,5
"3916",15.5,-35,5
"3917",16.5,-35,5
"3918",17.5,-35,5
"3919",18.5,-35,5
"3920",19.5,-35,5
"3921",-19.5,-36,5
"3922",-18.5,-36,5
"3923",-17.5,-36,5
"3924",-16.5,-36,5
"3925",-15.5,-36,5
"3926",-14.5,-36,5
"3927",-13.5,-36,5
"3928",-12.5,-36,5
"3929",-11.5,-36,5
"3930",-10.5,-36,5
"3931",-9.5,-36,5
"3932",-8.5,-36,5
"3933",-7.5,-36,5
"3934",-6.5,-36,5
"3935",-5.5,-36,5
"3936",-4.5,-36,5
"3937",-3.5,-36,5
"3938",-2.5,-36,5
"3939",-1.5,-36,5
"3940",-0.5,-36,5
"3941",0.5,-36,5
"3942",1.5,-36,5
"3943",2.5,-36,5
"3944",3.5,-36,5
"3945",4.5,-36,5
"3946",5.5,-36,5
"3947",6.5,-36,5
"3948",7.5,-36,5
"3949",8.5,-36,5
"3950",9.5,-36,5
"3951",10.5,-36,5
"3952",11.5,-36,5
"3953",12.5,-36,5
"3954",13.5,-36,5
"3955",14.5,-36,5
"3956",15.5,-36,5
"3957",16.5,-36,5
"3958",17.5,-36,5
"3959",18.5,-36,5
"3960",-17.5,-37,5
"3961",-16.5,-37,5
"3962",-15.5,-37,5
"3963",-14.5,-37,5
"3964",-13.5,-37,5
"3965",-12.5,-37,5
"3966",-11.5,-37,5
"3967",-10.5,-37,5
"3968",-9.5,-37,5
"3969",-8.5,-37,5
"3970",-7.5,-37,5
"3971",-6.5,-37,5
"3972",-5.5,-37,5
"3973",-4.5,-37,5
"3974",-3.5,-37,5
"3975",-2.5,-37,5
"3976",-1.5,-37,5
"3977",-0.5,-37,5
"3978",0.5,-37,5
"3979",1.5,-37,5
"3980",2.5,-37,5
"3981",3.5,-37,5
"3982",4.5,-37,5
"3983",5.5,-37,5
"3984",6.5,-37,5
"3985",7.5,-37,5
"3986",8.5,-37,5
"3987",9.5,-37,5
"3988",10.5,-37,5
"3989",11.5,-37,5
"3990",12.5,-37,5
"3991",13.5,-37,5
"3992",14.5,-37,5
"3993",15.5,-37,5
"3994",16.5,-37,5
"3995",-16.5,-38,5
"3996",-15.5,-38,5
"3997",-14.5,-38,5
"3998",-13.5,-38,5
"3999",-12.5,-38,5
"4000",-11.5,-38,5
"4001",-10.5,-38,5
"4002",-9.5,-38,5
"4003",-8.5,-38,5
"4004",-7.5,-38,5
"4005",-6.5,-38,5
"4006",-5.5,-38,5
"4007",-4.5,-38,5
"4008",-3.5,-38,5
"4009",-2.5,-38,5
"4010",-1.5,-38,5
"4011",-0.5,-38,5
"4012",0.5,-38,5
"4013",1.5,-38,5
"4014",2.5,-38,5
"4015",3.5,-38,5
"4016",4.5,-38,5
"4017",5.5,-38,5
"4018",6.5,-38,5
"4019",7.5,-38,5
"4020",8.5,-38,5
"4021",9.5,-38,5
"4022",10.5,-38,5
"4023",11.5,-38,5
"4024",12.5,-38,5
"4025",13.5,-38,5
"4026",14.5,-38,5
"4027",15.5,-38,5
"4028",-14.5,-39,5
"4029",-13.5,-39,5
"4030",-12.5,-39,5
"4031",-11.5,-39,5
"4032",-10.5,-39,5
"4033",-9.5,-39,5
"4034",-8.5,-39,5
"4035",-7.5,-39,5
"4036",-6.5,-39,5
"4037",-5.5,-39,5
"4038",-4.5,-39,5
"4039",-3.5,-39,5
"4040",-2.5,-39,5
"4041",-1.5,-39,5
"4042",-0.5,-39,5
"4043",0.5,-39,5
"4044",1.5,-39,5
"4045",2.5,-39,5
"4046",3.5,-39,5
"4047",4.5,-39,5
"4048",5.5,-39,5
"4049",6.5,-39,5
"4050",7.5,-39,5
"4051",8.5,-39,5
"4052",9.5,-39,5
"4053",10.5,-39,5
"4054",11.5,-39,5
"4055",12.5,-39,5
"4056",13.5,-39,5
"4057",14.5,-39,5
"4058",-11.5,-40,5
"4059",-10.5,-40,5
"4060",-9.5,-40,5
"4061",-8.5,-40,5
"4062",-7.5,-40,5
"4063",-6.5,-40,5
"4064",-5.5,-40,5
"4065",-4.5,-40,5
"4066",-3.5,-40,5
"4067",-2.5,-40,5
"4068",-1.5,-40,5
"4069",-0.5,-40,5
"4070",0.5,-40,5
"4071",1.5,-40,5
"4072",2.5,-40,5
"4073",3.5,-40,5
"4074",4.5,-40,5
"4075",5.5,-40,5
"4076",6.5,-40,5
"4077",7.5,-40,5
"4078",8.5,-40,5
"4079",9.5,-40,5
"4080",10.5,-40,5
"4081",11.5,-40,5
"4082",12.5,-40,5
"4083",-9.5,-41,5
"4084",-8.5,-41,5
"4085",-7.5,-41,5
"4086",-6.5,-41,5
"4087",-5.5,-41,5
"4088",-4.5,-41,5
"4089",-3.5,-41,5
"4090",-2.5,-41,5
"4091",-1.5,-41,5
"4092",-0.5,-41,5
"4093",0.5,-41,5
"4094",1.5,-41,5
"4095",2.5,-41,5
"4096",3.5,-41,5
"4097",4.5,-41,5
"4098",5.5,-41,5
"4099",6.5,-41,5
"4100",7.5,-41,5
"4101",8.5,-41,5
"4102",9.5,-41,5
"4103",10.5,-41,5
"4104",-6.5,-42,5
"4105",-5.5,-42,5
"4106",-4.5,-42,5
"4107",-3.5,-42,5
"4108",-2.5,-42,5
"4109",-1.5,-42,5
"4110",-0.5,-42,5
"4111",0.5,-42,5
"4112",1.5,-42,5
"4113",2.5,-42,5
"4114",3.5,-42,5
"4115",4.5,-42,5
"4116",5.5,-42,5
"4117",6.5,-42,5
"4118",7.5,-42,5
"4119",-1.5,-43,5
"4120",-0.5,-43,5
"4121",0.5,-43,5
"4122",1.5,-43,5
"4123",2.5,-43,5
"4124",3.5,-43,5
"4125",4.5,-43,5
"4126",-12.5,44,10
"4127",-11.5,44,10
"4128",-12.5,43,10
"4129",-11.5,43,10
"4130",-14.5,41,10
"4131",-13.5,41,10
"4132",-14.5,40,10
"4133",-13.5,40,10
"4134",-12.5,40,10
"4135",-11.5,40,10
"4136",-10.5,40,10
"4137",-17.5,39,10
"4138",-16.5,39,10
"4139",-15.5,39,10
"4140",-12.5,39,10
"4141",-11.5,39,10
"4142",-10.5,39,10
"4143",-17.5,38,10
"4144",-16.5,38,10
"4145",-15.5,38,10
"4146",-9.5,38,10
"4147",-8.5,38,10
"4148",-16.5,37,10
"4149",-9.5,37,10
"4150",-8.5,37,10
"4151",-14.5,36,10
"4152",-13.5,36,10
"4153",-4.5,36,10
"4154",-3.5,36,10
"4155",-2.5,36,10
"4156",-17.5,35,10
"4157",-14.5,35,10
"4158",-13.5,35,10
"4159",-12.5,35,10
"4160",-4.5,35,10
"4161",-3.5,35,10
"4162",-2.5,35,10
"4163",-18.5,34,10
"4164",-17.5,34,10
"4165",-16.5,34,10
"4166",-13.5,34,10
"4167",-3.5,34,10
"4168",0.5,34,10
"4169",-17.5,33,10
"4170",-16.5,33,10
"4171",-0.5,33,10
"4172",0.5,33,10
"4173",1.5,33,10
"4174",-11.5,32,10
"4175",-10.5,32,10
"4176",-7.5,32,10
"4177",-6.5,32,10
"4178",-5.5,32,10
"4179",0.5,32,10
"4180",1.5,32,10
"4181",-15.5,31,10
"4182",-14.5,31,10
"4183",-11.5,31,10
"4184",-10.5,31,10
"4185",-7.5,31,10
"4186",-6.5,31,10
"4187",-5.5,31,10
"4188",-17.5,30,10
"4189",-16.5,30,10
"4190",-15.5,30,10
"4191",-14.5,30,10
"4192",-3.5,30,10
"4193",-2.5,30,10
"4194",3.5,30,10
"4195",4.5,30,10
"4196",-18.5,29,10
"4197",-17.5,29,10
"4198",-16.5,29,10
"4199",-15.5,29,10
"4200",-4.5,29,10
"4201",-3.5,29,10
"4202",-2.5,29,10
"4203",3.5,29,10
"4204",4.5,29,10
"4205",5.5,29,10
"4206",-17.5,28,10
"4207",-16.5,28,10
"4208",-3.5,28,10
"4209",-17.5,27,10
"4210",-16.5,27,10
"4211",6.5,27,10
"4212",7.5,27,10
"4213",-18.5,26,10
"4214",-17.5,26,10
"4215",-16.5,26,10
"4216",-14.5,26,10
"4217",-11.5,26,10
"4218",1.5,26,10
"4219",6.5,26,10
"4220",7.5,26,10
"4221",8.5,26,10
"4222",10.5,26,10
"4223",-17.5,25,10
"4224",-15.5,25,10
"4225",-14.5,25,10
"4226",-13.5,25,10
"4227",-12.5,25,10
"4228",-11.5,25,10
"4229",-10.5,25,10
"4230",0.5,25,10
"4231",1.5,25,10
"4232",2.5,25,10
"4233",7.5,25,10
"4234",9.5,25,10
"4235",10.5,25,10
"4236",11.5,25,10
"4237",-14.5,24,10
"4238",-13.5,24,10
"4239",-11.5,24,10
"4240",-10.5,24,10
"4241",1.5,24,10
"4242",9.5,24,10
"4243",10.5,24,10
"4244",11.5,24,10
"4245",-6.5,23,10
"4246",-5.5,23,10
"4247",8.5,23,10
"4248",-17.5,22,10
"4249",-16.5,22,10
"4250",-6.5,22,10
"4251",-5.5,22,10
"4252",7.5,22,10
"4253",8.5,22,10
"4254",9.5,22,10
"4255",-18.5,21,10
"4256",-17.5,21,10
"4257",-16.5,21,10
"4258",-3.5,21,10
"4259",7.5,21,10
"4260",8.5,21,10
"4261",9.5,21,10
"4262",-17.5,20,10
"4263",-4.5,20,10
"4264",-3.5,20,10
"4265",-2.5,20,10
"4266",4.5,20,10
"4267",5.5,20,10
"4268",-14.5,19,10
"4269",-13.5,19,10
"4270",-3.5,19,10
"4271",4.5,19,10
"4272",5.5,19,10
"4273",10.5,19,10
"4274",11.5,19,10
"4275",13.5,19,10
"4276",14.5,19,10
"4277",-17.5,18,10
"4278",-16.5,18,10
"4279",-14.5,18,10
"4280",-13.5,18,10
"4281",10.5,18,10
"4282",11.5,18,10
"4283",12.5,18,10
"4284",13.5,18,10
"4285",14.5,18,10
"4286",-17.5,17,10
"4287",-16.5,17,10
"4288",-8.5,17,10
"4289",-7.5,17,10
"4290",13.5,17,10
"4291",-8.5,16,10
"4292",-7.5,16,10
"4293",-0.5,16,10
"4294",0.5,16,10
"4295",6.5,16,10
"4296",7.5,16,10
"4297",12.5,16,10
"4298",13.5,16,10
"4299",-8.5,15,10
"4300",-7.5,15,10
"4301",-1.5,15,10
"4302",-0.5,15,10
"4303",0.5,15,10
"4304",6.5,15,10
"4305",7.5,15,10
"4306",8.5,15,10
"4307",12.5,15,10
"4308",13.5,15,10
"4309",15.5,15,10
"4310",16.5,15,10
"4311",-0.5,14,10
"4312",7.5,14,10
"4313",12.5,14,10
"4314",13.5,14,10
"4315",15.5,14,10
"4316",16.5,14,10
"4317",-17.5,13,10
"4318",-16.5,13,10
"4319",-6.5,13,10
"4320",-5.5,13,10
"4321",-17.5,12,10
"4322",-16.5,12,10
"4323",-6.5,12,10
"4324",-5.5,12,10
"4325",-4.5,12,10
"4326",9.5,12,10
"4327",17.5,12,10
"4328",18.5,12,10
"4329",-14.5,11,10
"4330",-13.5,11,10
"4331",-5.5,11,10
"4332",8.5,11,10
"4333",9.5,11,10
"4334",10.5,11,10
"4335",14.5,11,10
"4336",15.5,11,10
"4337",17.5,11,10
"4338",18.5,11,10
"4339",19.5,11,10
"4340",-15.5,10,10
"4341",-14.5,10,10
"4342",-13.5,10,10
"4343",2.5,10,10
"4344",3.5,10,10
"4345",4.5,10,10
"4346",9.5,10,10
"4347",14.5,10,10
"4348",15.5,10,10
"4349",18.5,10,10
"4350",-15.5,9,10
"4351",-14.5,9,10
"4352",-13.5,9,10
"4353",-3.5,9,10
"4354",2.5,9,10
"4355",3.5,9,10
"4356",4.5,9,10
"4357",-14.5,8,10
"4358",-13.5,8,10
"4359",-4.5,8,10
"4360",-3.5,8,10
"4361",-2.5,8,10
"4362",16.5,8,10
"4363",17.5,8,10
"4364",19.5,8,10
"4365",20.5,8,10
"4366",-9.5,7,10
"4367",-3.5,7,10
"4368",-2.5,7,10
"4369",5.5,7,10
"4370",12.5,7,10
"4371",16.5,7,10
"4372",17.5,7,10
"4373",19.5,7,10
"4374",20.5,7,10
"4375",-16.5,6,10
"4376",-15.5,6,10
"4377",-10.5,6,10
"4378",-9.5,6,10
"4379",-8.5,6,10
"4380",4.5,6,10
"4381",5.5,6,10
"4382",6.5,6,10
"4383",11.5,6,10
"4384",12.5,6,10
"4385",13.5,6,10
"4386",-16.5,5,10
"4387",-15.5,5,10
"4388",-10.5,5,10
"4389",-9.5,5,10
"4390",-8.5,5,10
"4391",5.5,5,10
"4392",11.5,5,10
"4393",12.5,5,10
"4394",-13.5,4,10
"4395",-12.5,4,10
"4396",-0.5,4,10
"4397",0.5,4,10
"4398",17.5,4,10
"4399",18.5,4,10
"4400",19.5,4,10
"4401",-13.5,3,10
"4402",-12.5,3,10
"4403",-0.5,3,10
"4404",0.5,3,10
"4405",17.5,3,10
"4406",18.5,3,10
"4407",19.5,3,10
"4408",21.5,3,10
"4409",22.5,3,10
"4410",-16.5,2,10
"4411",-5.5,2,10
"4412",-4.5,2,10
"4413",21.5,2,10
"4414",22.5,2,10
"4415",23.5,2,10
"4416",-17.5,1,10
"4417",-16.5,1,10
"4418",-15.5,1,10
"4419",-10.5,1,10
"4420",-5.5,1,10
"4421",-4.5,1,10
"4422",14.5,1,10
"4423",15.5,1,10
"4424",22.5,1,10
"4425",-17.5,0,10
"4426",-16.5,0,10
"4427",-11.5,0,10
"4428",-10.5,0,10
"4429",-9.5,0,10
"4430",1.5,0,10
"4431",7.5,0,10
"4432",8.5,0,10
"4433",13.5,0,10
"4434",14.5,0,10
"4435",15.5,0,10
"4436",-10.5,-1,10
"4437",-9.5,-1,10
"4438",0.5,-1,10
"4439",1.5,-1,10
"4440",2.5,-1,10
"4441",7.5,-1,10
"4442",8.5,-1,10
"4443",14.5,-1,10
"4444",20.5,-1,10
"4445",-6.5,-2,10
"4446",1.5,-2,10
"4447",19.5,-2,10
"4448",20.5,-2,10
"4449",21.5,-2,10
"4450",-18.5,-3,10
"4451",-17.5,-3,10
"4452",-16.5,-3,10
"4453",-15.5,-3,10
"4454",-7.5,-3,10
"4455",-6.5,-3,10
"4456",-5.5,-3,10
"4457",20.5,-3,10
"4458",21.5,-3,10
"4459",-18.5,-4,10
"4460",-17.5,-4,10
"4461",-16.5,-4,10
"4462",-15.5,-4,10
"4463",-7.5,-4,10
"4464",-6.5,-4,10
"4465",15.5,-4,10
"4466",16.5,-4,10
"4467",22.5,-4,10
"4468",23.5,-4,10
"4469",24.5,-4,10
"4470",1.5,-5,10
"4471",2.5,-5,10
"4472",3.5,-5,10
"4473",15.5,-5,10
"4474",16.5,-5,10
"4475",22.5,-5,10
"4476",23.5,-5,10
"4477",24.5,-5,10
"4478",-21.5,-6,10
"4479",-20.5,-6,10
"4480",-19.5,-6,10
"4481",-11.5,-6,10
"4482",2.5,-6,10
"4483",3.5,-6,10
"4484",9.5,-6,10
"4485",-21.5,-7,10
"4486",-20.5,-7,10
"4487",-19.5,-7,10
"4488",-12.5,-7,10
"4489",-11.5,-7,10
"4490",-10.5,-7,10
"4491",9.5,-7,10
"4492",10.5,-7,10
"4493",-11.5,-8,10
"4494",-10.5,-8,10
"4495",-4.5,-8,10
"4496",9.5,-8,10
"4497",10.5,-8,10
"4498",16.5,-8,10
"4499",21.5,-8,10
"4500",22.5,-8,10
"4501",-23.5,-9,10
"4502",-22.5,-9,10
"4503",-18.5,-9,10
"4504",-17.5,-9,10
"4505",-5.5,-9,10
"4506",-4.5,-9,10
"4507",-3.5,-9,10
"4508",15.5,-9,10
"4509",16.5,-9,10
"4510",17.5,-9,10
"4511",21.5,-9,10
"4512",22.5,-9,10
"4513",-23.5,-10,10
"4514",-22.5,-10,10
"4515",-18.5,-10,10
"4516",-17.5,-10,10
"4517",-4.5,-10,10
"4518",16.5,-10,10
"4519",24.5,-10,10
"4520",5.5,-11,10
"4521",12.5,-11,10
"4522",23.5,-11,10
"4523",24.5,-11,10
"4524",25.5,-11,10
"4525",4.5,-12,10
"4526",5.5,-12,10
"4527",6.5,-12,10
"4528",11.5,-12,10
"4529",12.5,-12,10
"4530",13.5,-12,10
"4531",17.5,-12,10
"4532",18.5,-12,10
"4533",23.5,-12,10
"4534",24.5,-12,10
"4535",-15.5,-13,10
"4536",-14.5,-13,10
"4537",5.5,-13,10
"4538",6.5,-13,10
"4539",11.5,-13,10
"4540",12.5,-13,10
"4541",13.5,-13,10
"4542",17.5,-13,10
"4543",18.5,-13,10
"4544",19.5,-13,10
"4545",22.5,-13,10
"4546",23.5,-13,10
"4547",-26.5,-14,10
"4548",-25.5,-14,10
"4549",-24.5,-14,10
"4550",-23.5,-14,10
"4551",-16.5,-14,10
"4552",-15.5,-14,10
"4553",-14.5,-14,10
"4554",-11.5,-14,10
"4555",-10.5,-14,10
"4556",-2.5,-14,10
"4557",-1.5,-14,10
"4558",18.5,-14,10
"4559",22.5,-14,10
"4560",23.5,-14,10
"4561",24.5,-14,10
"4562",-26.5,-15,10
"4563",-25.5,-15,10
"4564",-24.5,-15,10
"4565",-23.5,-15,10
"4566",-15.5,-15,10
"4567",-14.5,-15,10
"4568",-11.5,-15,10
"4569",-10.5,-15,10
"4570",-2.5,-15,10
"4571",-1.5,-15,10
"4572",22.5,-15,10
"4573",23.5,-15,10
"4574",26.5,-15,10
"4575",27.5,-15,10
"4576",25.5,-16,10
"4577",26.5,-16,10
"4578",27.5,-16,10
"4579",-20.5,-17,10
"4580",-19.5,-17,10
"4581",-18.5,-17,10
"4582",26.5,-17,10
"4583",-26.5,-18,10
"4584",-20.5,-18,10
"4585",-19.5,-18,10
"4586",-18.5,-18,10
"4587",-15.5,-18,10
"4588",-14.5,-18,10
"4589",7.5,-18,10
"4590",8.5,-18,10
"4591",15.5,-18,10
"4592",16.5,-18,10
"4593",23.5,-18,10
"4594",24.5,-18,10
"4595",25.5,-18,10
"4596",-27.5,-19,10
"4597",-26.5,-19,10
"4598",-25.5,-19,10
"4599",-15.5,-19,10
"4600",-14.5,-19,10
"4601",-8.5,-19,10
"4602",-7.5,-19,10
"4603",7.5,-19,10
"4604",8.5,-19,10
"4605",15.5,-19,10
"4606",16.5,-19,10
"4607",23.5,-19,10
"4608",24.5,-19,10
"4609",25.5,-19,10
"4610",-26.5,-20,10
"4611",-8.5,-20,10
"4612",-7.5,-20,10
"4613",-1.5,-20,10
"4614",-0.5,-20,10
"4615",0.5,-20,10
"4616",24.5,-20,10
"4617",-23.5,-21,10
"4618",-1.5,-21,10
"4619",-0.5,-21,10
"4620",0.5,-21,10
"4621",16.5,-21,10
"4622",19.5,-21,10
"4623",25.5,-21,10
"4624",26.5,-21,10
"4625",-28.5,-22,10
"4626",-27.5,-22,10
"4627",-24.5,-22,10
"4628",-23.5,-22,10
"4629",-22.5,-22,10
"4630",-0.5,-22,10
"4631",15.5,-22,10
"4632",16.5,-22,10
"4633",17.5,-22,10
"4634",18.5,-22,10
"4635",19.5,-22,10
"4636",20.5,-22,10
"4637",25.5,-22,10
"4638",26.5,-22,10
"4639",-28.5,-23,10
"4640",-27.5,-23,10
"4641",-26.5,-23,10
"4642",-24.5,-23,10
"4643",-23.5,-23,10
"4644",-20.5,-23,10
"4645",-19.5,-23,10
"4646",-18.5,-23,10
"4647",-7.5,-23,10
"4648",11.5,-23,10
"4649",12.5,-23,10
"4650",16.5,-23,10
"4651",19.5,-23,10
"4652",26.5,-23,10
"4653",-28.5,-24,10
"4654",-27.5,-24,10
"4655",-19.5,-24,10
"4656",-18.5,-24,10
"4657",-13.5,-24,10
"4658",-12.5,-24,10
"4659",-8.5,-24,10
"4660",-7.5,-24,10
"4661",-6.5,-24,10
"4662",-2.5,-24,10
"4663",-1.5,-24,10
"4664",2.5,-24,10
"4665",11.5,-24,10
"4666",12.5,-24,10
"4667",13.5,-24,10
"4668",22.5,-24,10
"4669",23.5,-24,10
"4670",-13.5,-25,10
"4671",-12.5,-25,10
"4672",-8.5,-25,10
"4673",-7.5,-25,10
"4674",-6.5,-25,10
"4675",-2.5,-25,10
"4676",-1.5,-25,10
"4677",-0.5,-25,10
"4678",1.5,-25,10
"4679",2.5,-25,10
"4680",3.5,-25,10
"4681",7.5,-25,10
"4682",8.5,-25,10
"4683",9.5,-25,10
"4684",12.5,-25,10
"4685",22.5,-25,10
"4686",23.5,-25,10
"4687",-1.5,-26,10
"4688",1.5,-26,10
"4689",2.5,-26,10
"4690",3.5,-26,10
"4691",7.5,-26,10
"4692",8.5,-26,10
"4693",9.5,-26,10
"4694",22.5,-26,10
"4695",23.5,-26,10
"4696",-25.5,-27,10
"4697",-24.5,-27,10
"4698",-23.5,-27,10
"4699",18.5,-27,10
"4700",23.5,-27,10
"4701",-25.5,-28,10
"4702",-24.5,-28,10
"4703",-23.5,-28,10
"4704",-20.5,-28,10
"4705",-19.5,-28,10
"4706",-14.5,-28,10
"4707",-13.5,-28,10
"4708",17.5,-28,10
"4709",18.5,-28,10
"4710",19.5,-28,10
"4711",22.5,-28,10
"4712",23.5,-28,10
"4713",24.5,-28,10
"4714",-26.5,-29,10
"4715",-25.5,-29,10
"4716",-24.5,-29,10
"4717",-20.5,-29,10
"4718",-19.5,-29,10
"4719",-18.5,-29,10
"4720",-15.5,-29,10
"4721",-14.5,-29,10
"4722",-13.5,-29,10
"4723",-7.5,-29,10
"4724",-6.5,-29,10
"4725",12.5,-29,10
"4726",13.5,-29,10
"4727",18.5,-29,10
"4728",22.5,-29,10
"4729",23.5,-29,10
"4730",-25.5,-30,10
"4731",-19.5,-30,10
"4732",-14.5,-30,10
"4733",-7.5,-30,10
"4734",-6.5,-30,10
"4735",-0.5,-30,10
"4736",0.5,-30,10
"4737",5.5,-30,10
"4738",6.5,-30,10
"4739",12.5,-30,10
"4740",13.5,-30,10
"4741",21.5,-30,10
"4742",-23.5,-31,10
"4743",-0.5,-31,10
"4744",0.5,-31,10
"4745",1.5,-31,10
"4746",5.5,-31,10
"4747",6.5,-31,10
"4748",7.5,-31,10
"4749",12.5,-31,10
"4750",13.5,-31,10
"4751",20.5,-31,10
"4752",21.5,-31,10
"4753",22.5,-31,10
"4754",-24.5,-32,10
"4755",-23.5,-32,10
"4756",-22.5,-32,10
"4757",-19.5,-32,10
"4758",0.5,-32,10
"4759",6.5,-32,10
"4760",20.5,-32,10
"4761",21.5,-32,10
"4762",-23.5,-33,10
"4763",-20.5,-33,10
"4764",-19.5,-33,10
"4765",-18.5,-33,10
"4766",-14.5,-33,10
"4767",15.5,-33,10
"4768",16.5,-33,10
"4769",-19.5,-34,10
"4770",-15.5,-34,10
"4771",-14.5,-34,10
"4772",-13.5,-34,10
"4773",-8.5,-34,10
"4774",15.5,-34,10
"4775",16.5,-34,10
"4776",17.5,-34,10
"4777",19.5,-34,10
"4778",20.5,-34,10
"4779",-21.5,-35,10
"4780",-20.5,-35,10
"4781",-14.5,-35,10
"4782",-9.5,-35,10
"4783",-8.5,-35,10
"4784",-7.5,-35,10
"4785",15.5,-35,10
"4786",16.5,-35,10
"4787",19.5,-35,10
"4788",20.5,-35,10
"4789",-21.5,-36,10
"4790",-20.5,-36,10
"4791",-19.5,-36,10
"4792",-18.5,-36,10
"4793",-16.5,-36,10
"4794",-15.5,-36,10
"4795",-9.5,-36,10
"4796",-8.5,-36,10
"4797",-3.5,-36,10
"4798",6.5,-36,10
"4799",11.5,-36,10
"4800",12.5,-36,10
"4801",-19.5,-37,10
"4802",-18.5,-37,10
"4803",-16.5,-37,10
"4804",-15.5,-37,10
"4805",-4.5,-37,10
"4806",-3.5,-37,10
"4807",-2.5,-37,10
"4808",1.5,-37,10
"4809",2.5,-37,10
"4810",5.5,-37,10
"4811",6.5,-37,10
"4812",7.5,-37,10
"4813",11.5,-37,10
"4814",12.5,-37,10
"4815",13.5,-37,10
"4816",14.5,-37,10
"4817",-19.5,-38,10
"4818",-18.5,-38,10
"4819",-16.5,-38,10
"4820",-15.5,-38,10
"4821",-12.5,-38,10
"4822",-11.5,-38,10
"4823",-3.5,-38,10
"4824",-2.5,-38,10
"4825",1.5,-38,10
"4826",2.5,-38,10
"4827",3.5,-38,10
"4828",5.5,-38,10
"4829",6.5,-38,10
"4830",13.5,-38,10
"4831",14.5,-38,10
"4832",15.5,-38,10
"4833",-12.5,-39,10
"4834",-11.5,-39,10
"4835",-10.5,-39,10
"4836",1.5,-39,10
"4837",2.5,-39,10
"4838",14.5,-39,10
"4839",-7.5,-40,10
"4840",-6.5,-40,10
"4841",-2.5,-40,10
"4842",0.5,-40,10
"4843",4.5,-40,10
"4844",8.5,-40,10
"4845",9.5,-40,10
"4846",10.5,-40,10
"4847",-7.5,-41,10
"4848",-6.5,-41,10
"4849",-3.5,-41,10
"4850",-2.5,-41,10
"4851",-1.5,-41,10
"4852",-0.5,-41,10
"4853",0.5,-41,10
"4854",1.5,-41,10
"4855",3.5,-41,10
"4856",4.5,-41,10
"4857",8.5,-41,10
"4858",9.5,-41,10
"4859",-2.5,-42,10
"4860",-0.5,-42,10
"4861",0.5,-42,10
"4862",3.5,-42,10
"4863",4.5,-42,10
